Year,Name,Injury_DTD,Injury_DNP,Injury_Out_Indef,Injury_Out_Season,Injury_Returned,Injury_Other
2010,Al Harrington,0,0,0,0,0,0
2010,Anderson Varejao,0,0,0,0,0,0
2010,Andre Iguodala,0,1,0,0,0,0
2010,Andrea Bargnani,0,2,0,0,0,0
2010,Andrew Bogut,0,6,0,0,0,0
2010,Anthony Morrow,0,1,0,0,0,0
2010,Brandan Wright,1,4,1,1,1,1
2010,Brandon Roy,0,9,0,0,0,0
2010,Calvin Miles,0,2,0,0,0,0
2010,Carlos Boozer,0,0,0,0,0,0
2010,Carlos Delfino,0,11,0,0,0,0
2010,Carmelo Anthony,0,2,0,0,0,0
2010,Chase Budinger,0,2,0,0,0,0
2010,Chauncey Billups,0,3,0,0,0,0
2010,Chris Duhon,0,1,0,0,0,0
2010,Chris Kaman,0,1,0,0,0,0
2010,Chuck Hayes,0,0,0,0,0,0
2010,Corey Maggette,0,2,0,0,0,0
2010,Craig Smith,0,0,0,0,0,0
2010,Damion James,0,0,0,0,0,0
2010,Dan Gadzuric,0,2,0,0,0,0
2010,Daniel Orton,0,0,0,0,0,0
2010,Darington Hobson,0,0,0,0,0,0
2010,Darko Milicic,0,1,0,0,0,0
2010,David Andersen,1,0,1,1,1,1
2010,David Lee,0,0,0,0,0,0
2010,David West,0,1,0,0,0,0
2010,Delonte West,0,0,0,0,0,0
2010,Devin Ebanks,0,1,0,0,0,0
2010,Dewayne White,1,0,1,1,1,1
2010,Dominic McGuire,0,0,0,0,0,0
2010,Drew Gooden,0,7,0,0,0,0
2010,Dwight Howard,0,2,0,0,0,0
2010,Elliot Williams,0,0,0,0,0,0
2010,Eric Gordon,0,1,0,0,0,0
2010,George Hill,0,4,0,0,0,0
2010,Greg Oden,0,0,0,0,0,0
2010,Jamal Crawford,0,1,0,0,0,0
2010,Jameer Nelson,0,3,0,0,0,0
2010,James Anderson,0,0,0,0,0,0
2010,Jason Williams,1,4,1,1,1,1
2010,Jeff Pendergraph,0,0,0,0,0,0
2010,Jeremy Evans,0,2,0,0,0,0
2010,Jermaine O'Neal,0,2,0,0,0,0
2010,Jerryd Bayless,0,1,0,0,0,0
2010,Joakim Noah,0,0,0,0,0,0
2010,Joe Johnson,0,0,0,0,0,0
2010,John Salmons,0,1,0,0,0,0
2010,John Wall,0,4,0,0,0,0
2010,John Wallace,0,1,0,0,0,0
2010,Jon Brockman,0,1,0,0,0,0
2010,Jonas Jerebko,0,0,0,0,0,0
2010,Jonathan Redick,0,2,0,0,0,0
2010,Jordan Farmar,0,1,0,0,0,0
2010,Jose Calderon,1,1,1,1,1,1
2010,Josh Childress,0,0,0,0,0,0
2010,Juwan Howard,0,1,0,0,0,0
2010,Kenyon Martin,0,1,0,0,0,0
2010,Kyrylo Fesenko,0,4,0,0,0,0
2010,Louis Amundson,0,0,0,0,0,0
2010,Luc Moute,0,1,0,0,0,0
2010,Malik Allen,0,1,0,0,0,0
2010,Marcus Camby,0,3,0,0,0,0
2010,Marcus Thornton,0,0,0,0,0,0
2010,Mario Chalmers,0,0,0,0,0,0
2010,Martell Webster,0,0,0,0,0,0
2010,Marvin Williams,1,4,1,1,1,1
2010,Matt Bonner,1,0,1,1,1,1
2010,Maurice Evans,1,0,1,1,1,1
2010,Maurice Williams,0,1,0,0,0,0
2010,Mehmet Okur,0,1,0,0,0,0
2010,Michael Beasley,0,1,0,0,0,0
2010,Mickael Pietrus,0,1,0,0,0,0
2010,Mike Miller,0,0,0,0,0,0
2010,Nenad Krstic,1,0,1,1,1,1
2010,Nene,0,4,0,0,0,0
2010,Nick Collison,0,0,0,0,0,0
2010,Nicolas Batum,0,1,0,0,0,0
2010,Nikola Pekovic,0,2,0,0,0,0
2010,Predrag Stojakovic,0,8,0,0,0,0
2010,Quentin Richardson,0,3,0,0,0,0
2010,Quinton Ross,0,3,0,0,0,0
2010,Raja Bell,1,3,1,1,1,1
2010,Rajon Rondo,0,5,0,0,0,0
2010,Randy Foye,0,4,0,0,0,0
2010,Reggie Evans,0,2,0,0,0,0
2010,Richard Hamilton,0,3,0,0,0,0
2010,Rodney Carney,1,0,1,1,1,1
2010,Rodney Stuckey,0,1,0,0,0,0
2010,Rudy Fernandez,0,1,0,0,0,0
2010,Ryan Anderson,0,1,0,0,0,0
2010,Ryan Hollins,1,0,1,1,1,1
2010,Samuel Dalembert,0,0,0,0,0,0
2010,Sean Marks,0,1,0,0,0,0
2010,Semih Erden,1,1,1,1,1,1
2010,Shaquille O'Neal,0,3,0,0,0,0
2010,Sonny Weems,1,6,1,1,1,1
2010,Stephen Curry,1,0,1,1,1,1
2010,Steve Nash,0,1,0,0,0,0
2010,Taj Gibson,0,1,0,0,0,0
2010,Terrico White,0,0,0,0,0,0
2010,Tiago Splitter,1,0,1,1,1,1
2010,Timofey Mozgov,0,1,0,0,0,0
2010,Toney Douglas,0,1,0,0,0,0
2010,Troy Murphy,0,0,0,0,0,0
2010,Tyreke Evans,1,0,1,1,1,1
2010,Tyrus Thomas,1,0,1,1,1,1
2010,Udonis Haslem,0,0,0,0,0,0
2010,Wayne Ellington,1,2,1,1,1,1
2010,Will Bynum,0,4,0,0,0,0
2010,Yao Ming,1,0,1,1,1,1
2010,Yi Jianlian,0,0,0,0,0,0
2010,Zach Randolph,1,0,1,1,1,1
2010,Zaur Pachulia,1,0,1,1,1,1
2011,Acie Law,0,0,0,0,0,0
2011,Al Harrington,1,1,1,1,1,1
2011,Al Jefferson,0,1,0,0,0,0
2011,Al Thornton,0,1,0,0,0,0
2011,Alexis Ajinca,0,4,0,0,0,0
2011,Amare Stoudemire,0,1,0,0,0,0
2011,Amir Johnson,0,5,0,0,0,0
2011,Anderson Varejao,0,1,0,0,0,0
2011,Andray Blatche,0,2,0,0,0,0
2011,Andrea Bargnani,0,3,0,0,0,0
2011,Andrei Kirilenko,1,9,1,1,1,1
2011,Andres Nocioni,1,0,1,1,1,1
2011,Andrew Bogut,0,3,0,0,0,0
2011,Andrew Bynum,0,1,0,0,0,0
2011,Andy Rautins,0,0,0,0,0,0
2011,Antawn Jamison,0,0,0,0,0,0
2011,Anthony Carter,1,0,1,1,1,1
2011,Anthony Morrow,1,8,1,1,1,1
2011,Anthony Parker,0,6,0,0,0,0
2011,Anthony Randolph,0,1,0,0,0,0
2011,Antonio McDyess,0,1,0,0,0,0
2011,Armon Johnson,1,0,1,1,1,1
2011,Arron Afflalo,1,1,1,1,1,1
2011,Baron Davis,0,4,0,0,0,0
2011,Ben Uzoh,0,1,0,0,0,0
2011,Ben Wallace,1,0,1,1,1,1
2011,Beno Udrih,0,3,0,0,0,0
2011,Brad Miller,0,2,0,0,0,0
2011,Brandan Wright,1,0,1,1,1,1
2011,Brandon Bass,0,6,0,0,0,0
2011,Brandon Jennings,0,6,0,0,0,0
2011,Brandon Roy,0,2,0,0,0,0
2011,Brendan Haywood,0,2,0,0,0,0
2011,Brook Lopez,0,0,0,0,0,0
2011,Calvin Miles,0,2,0,0,0,0
2011,Carlos Boozer,0,3,0,0,0,0
2011,Carlos Delfino,0,2,0,0,0,0
2011,Caron Butler,0,0,0,0,0,0
2011,Cartier Martin,1,4,1,1,1,1
2011,Channing Frye,0,0,0,0,0,0
2011,Charlie Villanueva,1,0,1,1,1,1
2011,Chase Budinger,1,0,1,1,1,1
2011,Chauncey Billups,0,2,0,0,0,0
2011,Chris Bosh,0,1,0,0,0,0
2011,Chris Douglas-Roberts,0,1,0,0,0,0
2011,Chris Duhon,0,5,0,0,0,0
2011,Chris Kaman,0,2,0,0,0,0
2011,Chris Paul,0,1,0,0,0,0
2011,Chris Wilcox,1,2,1,1,1,1
2011,Christian Eyenga,0,2,0,0,0,0
2011,DaJuan Summers,0,1,0,0,0,0
2011,Damion James,0,8,0,0,0,0
2011,Dan Gadzuric,1,0,1,1,1,1
2011,Daniel Gibson,2,5,2,2,2,2
2011,Danilo Gallinari,0,2,0,0,0,0
2011,Dante Cunningham,0,1,0,0,0,0
2011,Darko Milicic,0,7,0,0,0,0
2011,Darrell Arthur,0,0,0,0,0,0
2011,David West,0,0,0,0,0,0
2011,DeSagana Diop,0,1,0,0,0,0
2011,Delonte West,0,2,0,0,0,0
2011,Deron Williams,0,4,0,0,0,0
2011,Derrick Caracter,0,0,0,0,0,0
2011,Derrick Favors,0,2,0,0,0,0
2011,Devin Harris,0,1,0,0,0,0
2011,Dewayne White,0,0,0,0,0,0
2011,Dexter Pittman,0,0,0,0,0,0
2011,Dominique Jones,0,0,0,0,0,0
2011,Drew Gooden,0,6,0,0,0,0
2011,Dwyane Wade,0,3,0,0,0,0
2011,Eduardo Najera,0,8,0,0,0,0
2011,Eric Bledsoe,1,0,1,1,1,1
2011,Eric Gordon,0,14,0,0,0,0
2011,Ersan Ilyasova,0,7,0,0,0,0
2011,Francisco Elson,1,2,1,1,1,1
2011,Francisco Garcia,0,4,0,0,0,0
2011,Gani Lawal,0,0,0,0,0,0
2011,Garrett Temple,0,1,0,0,0,0
2011,Gary Neal,0,2,0,0,0,0
2011,George Hill,0,2,0,0,0,0
2011,Gerald Henderson,0,0,0,0,0,0
2011,Gerald Wallace,0,1,0,0,0,0
2011,Gilbert Arenas,0,7,0,0,0,0
2011,Glen Davis,0,4,0,0,0,0
2011,Gordon Hayward,0,1,0,0,0,0
2011,Greg Oden,0,0,0,0,0,0
2011,Hamady Ndiaye,0,6,0,0,0,0
2011,Hassan Whiteside,0,0,0,0,0,0
2011,Iman Shumpert,0,0,0,0,0,0
2011,Jameer Nelson,0,1,0,0,0,0
2011,Jared Jeffries,1,0,1,1,1,1
2011,Jason Collins,0,1,0,0,0,0
2011,Jason Kidd,0,1,0,0,0,0
2011,Jason Maxiell,0,3,0,0,0,0
2011,Jason Richardson,0,1,0,0,0,0
2011,Jason Thompson,0,2,0,0,0,0
2011,Jason Williams,0,0,0,0,0,0
2011,Jeff Green,0,0,0,0,0,0
2011,Jermaine O'Neal,0,7,0,0,0,0
2011,Jerryd Bayless,1,4,1,1,1,1
2011,Joakim Noah,0,1,0,0,0,0
2011,Joel Przybilla,0,1,0,0,0,0
2011,Joey Dorsey,1,2,1,1,1,1
2011,Joey Graham,0,2,0,0,0,0
2011,John Salmons,0,7,0,0,0,0
2011,Jon Brockman,0,1,0,0,0,0
2011,Jonathan Redick,1,15,1,1,1,1
2011,Jordan Farmar,0,4,0,0,0,0
2011,Jordan Hill,0,1,0,0,0,0
2011,Jordan Williams,1,0,1,1,1,1
2011,Jose Barea,1,1,1,1,1,1
2011,Jose Calderon,0,4,0,0,0,0
2011,Josh Howard,0,1,0,0,0,0
2011,Josh Smith,1,0,1,1,1,1
2011,Kenyon Martin,0,2,0,0,0,0
2011,Kevin Garnett,0,1,0,0,0,0
2011,Kevin Love,1,2,1,1,1,1
2011,Keyon Dooling,0,2,0,0,0,0
2011,Kirk Hinrich,1,2,1,1,1,1
2011,Kyle Lowry,0,3,0,0,0,0
2011,Kyrylo Fesenko,0,7,0,0,0,0
2011,LaMarcus Aldridge,1,1,1,1,1,1
2011,Larry Sanders,0,3,0,0,0,0
2011,LeBron James,0,2,0,0,0,0
2011,Leandro Barbosa,1,5,1,1,1,1
2011,Linas Kleiza,0,3,0,0,0,0
2011,Luc Moute,0,2,0,0,0,0
2011,Luis Scola,0,3,0,0,0,0
2011,Luke Harangody,0,1,0,0,0,0
2011,Luther Head,1,1,1,1,1,1
2011,Malcolm Lee,0,1,0,0,0,0
2011,Marcus Camby,0,6,0,0,0,0
2011,Mario Chalmers,0,2,0,0,0,0
2011,Mario West,0,2,0,0,0,0
2011,Marquis Daniels,0,0,0,0,0,0
2011,Martell Webster,0,1,0,0,0,0
2011,Marvin Williams,0,0,0,0,0,0
2011,Matt Barnes,0,2,0,0,0,0
2011,Matt Bonner,1,1,1,1,1,1
2011,Matt Carroll,0,1,0,0,0,0
2011,Maurice Williams,0,1,0,0,0,0
2011,Mehmet Okur,1,0,1,1,1,1
2011,Melvin Ely,1,0,1,1,1,1
2011,Michael Beasley,1,2,1,1,1,1
2011,Mike Bibby,0,1,0,0,0,0
2011,Mike Conley,0,2,0,0,0,0
2011,Mike Miller,1,2,1,1,1,1
2011,Monta Ellis,0,2,0,0,0,0
2011,Mustafa Shakur,1,0,1,1,1,1
2011,Nate Robinson,0,0,0,0,0,0
2011,Nick Collison,0,1,0,0,0,0
2011,Nick Young,0,15,0,0,0,0
2011,Nikola Pekovic,1,2,1,1,1,1
2011,Omer Asik,0,0,0,0,0,0
2011,Omri Casspi,0,1,0,0,0,0
2011,Ovinton Mayo,0,1,0,0,0,0
2011,Patrick Patterson,0,1,0,0,0,0
2011,Paul Millsap,0,6,0,0,0,0
2011,Paul Pierce,0,2,0,0,0,0
2011,Quentin Richardson,0,1,0,0,0,0
2011,Quinton Ross,0,1,0,0,0,0
2011,Raja Bell,0,6,0,0,0,0
2011,Rajon Rondo,0,1,0,0,0,0
2011,Ramon Sessions,0,0,0,0,0,0
2011,Rashard Lewis,0,1,0,0,0,0
2011,Ray Allen,0,2,0,0,0,0
2011,Raymond Felton,0,1,0,0,0,0
2011,Reggie Evans,0,5,0,0,0,0
2011,Reggie Williams,1,0,1,1,1,1
2011,Richard Hamilton,0,3,0,0,0,0
2011,Rodney Stuckey,0,2,0,0,0,0
2011,Rodrigue Beaubois,0,0,0,0,0,0
2011,Ronnie Brewer,0,1,0,0,0,0
2011,Ronnie Price,0,11,0,0,0,0
2011,Ronny Turiaf,1,0,1,1,1,1
2011,Rudy Fernandez,0,1,0,0,0,0
2011,Rudy Gay,0,1,0,0,0,0
2011,Ryan Gomes,0,1,0,0,0,0
2011,Samardo Samuels,1,4,1,1,1,1
2011,Sean Marks,1,0,1,1,1,1
2011,Sebastian Telfair,1,0,1,1,1,1
2011,Semih Erden,1,5,1,1,1,1
2011,Shaquille O'Neal,1,9,1,1,1,1
2011,Shawn Marion,0,1,0,0,0,0
2011,Sonny Weems,1,5,1,1,1,1
2011,Spencer Hawes,0,1,0,0,0,0
2011,Stephen Curry,0,0,0,0,0,0
2011,Stephen Jackson,0,10,0,0,0,0
2011,Steve Blake,0,1,0,0,0,0
2011,Steve Nash,0,5,0,0,0,0
2011,Tayshaun Prince,0,2,0,0,0,0
2011,Terrence Williams,0,2,0,0,0,0
2011,Tiago Splitter,0,3,0,0,0,0
2011,Tim Duncan,0,1,0,0,0,0
2011,Timofey Mozgov,1,3,1,1,1,1
2011,Toney Douglas,0,0,0,0,0,0
2011,Tony Allen,0,6,0,0,0,0
2011,Tony Battie,2,0,2,2,2,2
2011,Tracy McGrady,0,4,0,0,0,0
2011,Trevor Ariza,0,6,0,0,0,0
2011,Trevor Booker,0,2,0,0,0,0
2011,Troy Murphy,0,3,0,0,0,0
2011,Ty Lawson,0,1,0,0,0,0
2011,Tyreke Evans,0,4,0,0,0,0
2011,Tyrus Thomas,0,16,0,0,0,0
2011,Vince Carter,0,1,0,0,0,0
2011,Von Wafer,0,5,0,0,0,0
2011,Wesley Johnson,0,2,0,0,0,0
2011,Will Bynum,0,4,0,0,0,0
2011,William Parker,0,2,0,0,0,0
2011,Wilson Chandler,0,2,0,0,0,0
2011,Xavier Henry,0,2,0,0,0,0
2011,Yao Ming,0,0,0,0,0,0
2011,Yi Jianlian,0,1,0,0,0,0
2011,Zabian Dowdell,1,0,1,1,1,1
2011,Zach Randolph,0,2,0,0,0,0
2012,Aaron Brooks,0,1,0,0,0,0
2012,Al Harrington,0,1,0,0,0,0
2012,Al Horford,0,1,0,0,0,0
2012,Al Jefferson,0,3,0,0,0,0
2012,Alonzo Gee,0,3,0,0,0,0
2012,Amare Stoudemire,1,1,1,1,1,1
2012,Amir Johnson,1,0,1,1,1,1
2012,Anderson Varejao,0,5,0,0,0,0
2012,Andray Blatche,2,10,2,2,2,2
2012,Andre Iguodala,0,4,0,0,0,0
2012,Andrea Bargnani,0,6,0,0,0,0
2012,Andrei Kirilenko,0,4,0,0,0,0
2012,Andrew Bogut,0,1,0,0,0,0
2012,Andrew Bynum,0,2,0,0,0,0
2012,Andrew Goudelock,0,1,0,0,0,0
2012,Andris Biedrins,0,15,0,0,0,0
2012,Antawn Jamison,0,1,0,0,0,0
2012,Anthony Davis,0,13,0,0,0,0
2012,Anthony Morrow,1,3,1,1,1,1
2012,Anthony Parker,1,1,1,1,1,1
2012,Anthony Price,0,10,0,0,0,0
2012,Anthony Randolph,1,0,1,1,1,1
2012,Anthony Tolliver,1,0,1,1,1,1
2012,Anthony Tucker,1,0,1,1,1,1
2012,Arron Afflalo,0,2,0,0,0,0
2012,Austin Daye,0,2,0,0,0,0
2012,Austin Rivers,0,1,0,0,0,0
2012,Avery Bradley,0,0,0,0,0,0
2012,Baron Davis,0,3,0,0,0,0
2012,Ben Gordon,1,13,1,1,1,1
2012,Beno Udrih,1,5,1,1,1,1
2012,Bill Walker,0,6,0,0,0,0
2012,Bismack Biyombo,1,0,1,1,1,1
2012,Blake Griffin,0,0,0,0,0,0
2012,Bradley Beal,0,2,0,0,0,0
2012,Brandan Wright,0,2,0,0,0,0
2012,Brandon Bass,0,1,0,0,0,0
2012,Brandon Roy,0,4,0,0,0,0
2012,Brandon Rush,0,0,0,0,0,0
2012,Brendan Haywood,0,8,0,0,0,0
2012,Brook Lopez,0,7,0,0,0,0
2012,Byron Mullens,0,0,0,0,0,0
2012,Calvin Miles,0,6,0,0,0,0
2012,Carl Landry,0,12,0,0,0,0
2012,Carlos Delfino,1,11,1,1,1,1
2012,Carmelo Anthony,0,14,0,0,0,0
2012,Caron Butler,0,2,0,0,0,0
2012,Chandler Parsons,0,3,0,0,0,0
2012,Channing Frye,0,2,0,0,0,0
2012,Charles Watson,0,9,0,0,0,0
2012,Charlie Villanueva,1,8,1,1,1,1
2012,Chase Budinger,0,3,0,0,0,0
2012,Chauncey Billups,0,1,0,0,0,0
2012,Chris Bosh,0,3,0,0,0,0
2012,Chris Duhon,1,0,1,1,1,1
2012,Chris Johnson,0,4,0,0,0,0
2012,Chris Kaman,1,11,1,1,1,1
2012,Chris Paul,0,5,0,0,0,0
2012,Chris Smith,0,0,0,0,0,0
2012,Chris Wilcox,0,5,0,0,0,0
2012,Chuck Hayes,0,12,0,0,0,0
2012,Cole Aldrich,1,1,1,1,1,1
2012,Corey Maggette,0,12,0,0,0,0
2012,DaJuan Summers,0,1,0,0,0,0
2012,Daequan Cook,0,2,0,0,0,0
2012,Damien Wilkins,0,2,0,0,0,0
2012,Damion James,1,1,1,1,1,1
2012,Daniel Gibson,1,13,1,1,1,1
2012,Danilo Gallinari,1,15,1,1,1,1
2012,Danny Granger,0,2,0,0,0,0
2012,Danny Green,0,2,0,0,0,0
2012,Dante Cunningham,0,2,0,0,0,0
2012,Darko Milicic,1,14,1,1,1,1
2012,Darrell Arthur,0,1,0,0,0,0
2012,Darren Collison,0,1,0,0,0,0
2012,Darryl Augustine,0,10,0,0,0,0
2012,David Lee,0,8,0,0,0,0
2012,DeAndre Liggins,1,0,1,1,1,1
2012,DeJuan Blair,0,2,0,0,0,0
2012,DeMar DeRozan,0,2,0,0,0,0
2012,DeMarcus Cousins,0,1,0,0,0,0
2012,DeQuan Jones,1,1,1,1,1,1
2012,DeSagana Diop,0,9,0,0,0,0
2012,DeShawn Stevenson,0,8,0,0,0,0
2012,Delonte West,0,1,0,0,0,0
2012,Dennis Horner,0,1,0,0,0,0
2012,Derek Fisher,0,1,0,0,0,0
2012,Deron Williams,0,12,0,0,0,0
2012,Derrick Brown,0,1,0,0,0,0
2012,Derrick Favors,0,6,0,0,0,0
2012,Derrick Rose,0,19,0,0,0,0
2012,Devin Harris,1,3,1,1,1,1
2012,Dewayne White,0,4,0,0,0,0
2012,Dion Waiters,1,0,1,1,1,1
2012,Dirk Nowitzki,0,3,0,0,0,0
2012,Dominic McGuire,0,1,0,0,0,0
2012,Dominique Jones,0,1,0,0,0,0
2012,Donte Greene,0,1,0,0,0,0
2012,Dorell Wright,0,2,0,0,0,0
2012,Drew Gooden,0,8,0,0,0,0
2012,Dwight Howard,0,1,0,0,0,0
2012,Dwyane Wade,0,8,0,0,0,0
2012,E'Twaun Moore,0,2,0,0,0,0
2012,Earl Clark,2,1,2,2,2,2
2012,Earl Watson,0,7,0,0,0,0
2012,Elliot Williams,0,1,0,0,0,0
2012,Elton Brand,0,5,0,0,0,0
2012,Emanuel Ginobili,1,6,1,1,1,1
2012,Emeka Okafor,0,25,0,0,0,0
2012,Eric Gordon,0,12,0,0,0,0
2012,Eric Maynor,0,0,0,0,0,0
2012,Erick Dampier,1,0,1,1,1,1
2012,Ersan Ilyasova,0,4,0,0,0,0
2012,Evan Turner,0,1,0,0,0,0
2012,Festus Ezeli,0,1,0,0,0,0
2012,Francisco Garcia,0,6,0,0,0,0
2012,Gary Forbes,1,1,1,1,1,1
2012,Gary Neal,2,9,2,2,2,2
2012,George Hill,0,16,0,0,0,0
2012,Gerald Henderson,0,4,0,0,0,0
2012,Gerald Wallace,1,4,1,1,1,1
2012,Gilbert Arenas,1,0,1,1,1,1
2012,Glen Davis,0,5,0,0,0,0
2012,Goran Dragic,0,1,0,0,0,0
2012,Grant Hill,1,15,1,1,1,1
2012,Greg Oden,0,0,0,0,0,0
2012,Greg Stiemsma,0,1,0,0,0,0
2012,Gustavo Ayon,0,4,0,0,0,0
2012,Hasheem Thabeet,0,3,0,0,0,0
2012,Hassan Whiteside,1,5,1,1,1,1
2012,Hidayet Turkoglu,0,1,0,0,0,0
2012,Hollis Thompson,0,0,0,0,0,0
2012,Iman Shumpert,0,0,0,0,0,0
2012,Ivan Johnson,0,1,0,0,0,0
2012,Jae Crowder,0,1,0,0,0,0
2012,Jamaal Tinsley,1,2,1,1,1,1
2012,Jamal Crawford,0,3,0,0,0,0
2012,Jameer Nelson,0,8,0,0,0,0
2012,James Harden,0,3,0,0,0,0
2012,James Hickson,1,0,1,1,1,1
2012,James Johnson,0,2,0,0,0,0
2012,James Jones,0,1,0,0,0,0
2012,Jannero Pargo,0,2,0,0,0,0
2012,Jared Cunningham,1,0,1,1,1,1
2012,Jared Dudley,0,1,0,0,0,0
2012,Jared Jeffries,2,1,2,2,2,2
2012,Jarrett Jack,1,14,1,1,1,1
2012,Jason Collins,0,9,0,0,0,0
2012,Jason Kidd,0,5,0,0,0,0
2012,Jason Richardson,0,6,0,0,0,0
2012,Jason Smith,0,22,0,0,0,0
2012,Jason Terry,0,1,0,0,0,0
2012,Jeff Foster,0,25,0,0,0,0
2012,Jeff Pendergraph,1,1,1,1,1,1
2012,Jeremy Evans,0,4,0,0,0,0
2012,Jeremy Lin,0,5,0,0,0,0
2012,Jeremy Tyler,0,1,0,0,0,0
2012,Jermaine O'Neal,0,5,0,0,0,0
2012,Jerryd Bayless,2,11,2,2,2,2
2012,Jimmer Fredette,0,1,0,0,0,0
2012,Joakim Noah,0,5,0,0,0,0
2012,Joel Anthony,0,1,0,0,0,0
2012,Joel Przybilla,0,3,0,0,0,0
2012,Johan Petro,0,1,0,0,0,0
2012,John Lucas,0,1,0,0,0,0
2012,John Salmons,0,1,0,0,0,0
2012,John Wall,0,0,0,0,0,0
2012,Jonas Valanciunas,0,0,0,0,0,0
2012,Jonathan Redick,0,1,0,0,0,0
2012,Jordan Crawford,0,3,0,0,0,0
2012,Jordan Farmar,0,25,0,0,0,0
2012,Jordan Hill,0,3,0,0,0,0
2012,Jordan Williams,0,1,0,0,0,0
2012,Jose Barea,0,22,0,0,0,0
2012,Jose Calderon,0,7,0,0,0,0
2012,Josh Howard,0,11,0,0,0,0
2012,Josh Smith,0,3,0,0,0,0
2012,Jrue Holiday,1,4,1,1,1,1
2012,Julyan Stone,0,1,0,0,0,0
2012,Kawhi Leonard,0,4,0,0,0,0
2012,Keith Bogans,0,1,0,0,0,0
2012,Kendall Marshall,0,1,0,0,0,0
2012,Kendrick Perkins,0,1,0,0,0,0
2012,Kenyon Martin,0,1,0,0,0,0
2012,Kevin Garnett,0,4,0,0,0,0
2012,Kevin Love,0,10,0,0,0,0
2012,Kevin Martin,0,20,0,0,0,0
2012,Kevin Seraphin,0,1,0,0,0,0
2012,Keyon Dooling,0,1,0,0,0,0
2012,Kirk Hinrich,1,2,1,1,1,1
2012,Kobe Bryant,0,8,0,0,0,0
2012,Kosta Koufos,0,1,0,0,0,0
2012,Kris Humphries,0,2,0,0,0,0
2012,Kwame Brown,0,6,0,0,0,0
2012,Kyle Korver,0,1,0,0,0,0
2012,Kyle Lowry,2,4,2,2,2,2
2012,Kyrie Irving,0,13,0,0,0,0
2012,Kyrylo Fesenko,0,1,0,0,0,0
2012,LaMarcus Aldridge,0,11,0,0,0,0
2012,Lamar Odom,0,2,0,0,0,0
2012,Lance Stephenson,1,2,1,1,1,1
2012,Landry Fields,0,0,0,0,0,0
2012,Larry Sanders,1,3,1,1,1,1
2012,Lazar Hayward,0,5,0,0,0,0
2012,LeBron James,0,4,0,0,0,0
2012,Leandro Barbosa,0,2,0,0,0,0
2012,Linas Kleiza,1,4,1,1,1,1
2012,Louis Williams,0,2,0,0,0,0
2012,Luc Moute,0,11,0,0,0,0
2012,Luke Harangody,0,0,0,0,0,0
2012,Luke Ridnour,0,1,0,0,0,0
2012,Luke Walton,0,1,0,0,0,0
2012,Luol Deng,0,6,0,0,0,0
2012,Malcolm Lee,0,23,0,0,0,0
2012,Malcolm Thomas,0,1,0,0,0,0
2012,MarShon Brooks,0,10,0,0,0,0
2012,Marcus Camby,2,12,2,2,2,2
2012,Marcus Thornton,1,4,1,1,1,1
2012,Mario Chalmers,0,1,0,0,0,0
2012,Markieff Morris,0,1,0,0,0,0
2012,Marquis Daniels,0,1,0,0,0,0
2012,Marvin Williams,2,5,2,2,2,2
2012,Maurice Harkless,1,0,1,1,1,1
2012,Maurice Williams,0,12,0,0,0,0
2012,Mehmet Okur,0,23,0,0,0,0
2012,Metta Peace,0,1,0,0,0,0
2012,Michael Beasley,0,14,0,0,0,0
2012,Michael Kidd-Gilchrist,0,1,0,0,0,0
2012,Mickael Pietrus,1,2,1,1,1,1
2012,Mickell Gladness,0,3,0,0,0,0
2012,Mike Bibby,0,1,0,0,0,0
2012,Mike Conley,0,4,0,0,0,0
2012,Mike Dunleavy,0,4,0,0,0,0
2012,Mike Miller,0,1,0,0,0,0
2012,Monta Ellis,0,2,0,0,0,0
2012,Nate Robinson,0,1,0,0,0,0
2012,Nene,0,19,0,0,0,0
2012,Nick Collison,0,3,0,0,0,0
2012,Nick Young,0,6,0,0,0,0
2012,Nicolas Batum,0,3,0,0,0,0
2012,Nikola Pekovic,0,3,0,0,0,0
2012,Nikola Vucevic,0,3,0,0,0,0
2012,Nolan Smith,0,1,0,0,0,0
2012,Omri Casspi,0,3,0,0,0,0
2012,Patrick Mills,0,1,0,0,0,0
2012,Patrick Patterson,0,3,0,0,0,0
2012,Pau Gasol,0,9,0,0,0,0
2012,Paul Millsap,0,1,0,0,0,0
2012,Paul Pierce,0,2,0,0,0,0
2012,Raja Bell,0,7,0,0,0,0
2012,Rajon Rondo,0,8,0,0,0,0
2012,Rashard Lewis,0,15,0,0,0,0
2012,Rasheed Wallace,0,9,0,0,0,0
2012,Ray Allen,0,6,0,0,0,0
2012,Raymond Felton,0,4,0,0,0,0
2012,Reggie Evans,0,4,0,0,0,0
2012,Reggie Williams,1,8,1,1,1,1
2012,Richard Hamilton,0,16,0,0,0,0
2012,Richard Jefferson,0,10,0,0,0,0
2012,Ricky Rubio,0,2,0,0,0,0
2012,Robin Lopez,0,0,0,0,0,0
2012,Rodney Stuckey,2,8,2,2,2,2
2012,Rodrigue Beaubois,0,2,0,0,0,0
2012,Roger Mason,0,0,0,0,0,0
2012,Ronnie Brewer,0,0,0,0,0,0
2012,Ronny Turiaf,0,1,0,0,0,0
2012,Roy Hibbert,0,1,0,0,0,0
2012,Royal Ivey,0,4,0,0,0,0
2012,Rudy Fernandez,1,8,1,1,1,1
2012,Rudy Gay,0,1,0,0,0,0
2012,Ryan Anderson,0,0,0,0,0,0
2012,Ryan Gomes,1,0,1,1,1,1
2012,Ryan Reid,0,0,0,0,0,0
2012,Sam Young,0,5,0,0,0,0
2012,Semih Erden,0,1,0,0,0,0
2012,Shane Battier,0,1,0,0,0,0
2012,Shaun Livingston,0,4,0,0,0,0
2012,Shawn Marion,1,3,1,1,1,1
2012,Shawne Williams,0,4,0,0,0,0
2012,Shelden Williams,0,8,0,0,0,0
2012,Spencer Hawes,0,16,0,0,0,0
2012,Stephen Curry,0,12,0,0,0,0
2012,Stephen Jackson,0,11,0,0,0,0
2012,Steve Blake,0,0,0,0,0,0
2012,Steve Nash,0,4,0,0,0,0
2012,Steve Novak,0,1,0,0,0,0
2012,Taj Gibson,0,1,0,0,0,0
2012,Tayshaun Prince,0,0,0,0,0,0
2012,Terrance Ford,0,1,0,0,0,0
2012,Terrel Harris,1,0,1,1,1,1
2012,Terrence Williams,0,1,0,0,0,0
2012,Thabo Sefolosha,0,6,0,0,0,0
2012,Thaddeus Young,0,3,0,0,0,0
2012,Tiago Splitter,0,4,0,0,0,0
2012,Tim Duncan,0,7,0,0,0,0
2012,Timofey Mozgov,1,4,1,1,1,1
2012,Tobias Harris,0,3,0,0,0,0
2012,Toney Douglas,0,1,0,0,0,0
2012,Tony Allen,1,7,1,1,1,1
2012,Tony Wroten,0,1,0,0,0,0
2012,Tracy McGrady,0,8,0,0,0,0
2012,Trevor Ariza,0,20,0,0,0,0
2012,Trevor Booker,0,15,0,0,0,0
2012,Troy Murphy,0,2,0,0,0,0
2012,Ty Lawson,0,4,0,0,0,0
2012,Tyler Honeycutt,1,0,1,1,1,1
2012,Tyreke Evans,0,8,0,0,0,0
2012,Tyrus Thomas,0,8,0,0,0,0
2012,Tyson Chandler,0,4,0,0,0,0
2012,Vince Carter,0,3,0,0,0,0
2012,Vladimir Radmanovic,0,10,0,0,0,0
2012,Wayne Ellington,0,2,0,0,0,0
2012,Wesley Johnson,0,1,0,0,0,0
2012,Wesley Matthews,0,2,0,0,0,0
2012,Will Bynum,0,14,0,0,0,0
2012,William Parker,0,4,0,0,0,0
2012,Willie Green,0,6,0,0,0,0
2012,Wilson Chandler,2,2,2,2,2,2
2012,Xavier Henry,0,2,0,0,0,0
2012,Zach Randolph,0,1,0,0,0,0
2012,Zaur Pachulia,0,1,0,0,0,0
2013,Aaron Gray,0,1,0,0,0,0
2013,Al Harrington,1,5,1,1,1,1
2013,Al Horford,1,6,1,1,1,1
2013,Al Jefferson,0,2,0,0,0,0
2013,Alec Burks,0,1,0,0,0,0
2013,Alex Len,0,8,0,0,0,0
2013,Alexey Shved,0,5,0,0,0,0
2013,Amare Stoudemire,0,2,0,0,0,0
2013,Anderson Varejao,0,0,0,0,0,0
2013,Andre Iguodala,0,2,0,0,0,0
2013,Andrea Bargnani,0,1,0,0,0,0
2013,Andrei Kirilenko,0,14,0,0,0,0
2013,Andrew Bogut,0,2,0,0,0,0
2013,Andrew Bynum,0,0,0,0,0,0
2013,Andrew Nicholson,0,2,0,0,0,0
2013,Andris Biedrins,0,4,0,0,0,0
2013,Anthony Bennett,1,0,1,1,1,1
2013,Anthony Davis,0,5,0,0,0,0
2013,Anthony Morrow,0,4,0,0,0,0
2013,Anthony Price,0,7,0,0,0,0
2013,Anthony Randolph,0,2,0,0,0,0
2013,Arnett Moultrie,0,0,0,0,0,0
2013,Aron Baynes,0,1,0,0,0,0
2013,Arron Afflalo,0,12,0,0,0,0
2013,Austin Rivers,0,0,0,0,0,0
2013,Avery Bradley,0,1,0,0,0,0
2013,Ben Gordon,0,3,0,0,0,0
2013,Bismack Biyombo,0,2,0,0,0,0
2013,Blake Griffin,0,2,0,0,0,0
2013,Boris Diaw,1,0,1,1,1,1
2013,Bradley Beal,0,9,0,0,0,0
2013,Brandan Wright,0,1,0,0,0,0
2013,Brandon Jennings,0,0,0,0,0,0
2013,Brandon Knight,0,11,0,0,0,0
2013,Brandon Rush,0,3,0,0,0,0
2013,Brendan Haywood,0,2,0,0,0,0
2013,Brian Roberts,0,1,0,0,0,0
2013,Brook Lopez,0,3,0,0,0,0
2013,Byron Mullens,0,10,0,0,0,0
2013,Calvin Miles,0,5,0,0,0,0
2013,Carl Landry,0,1,0,0,0,0
2013,Carlos Boozer,0,3,0,0,0,0
2013,Carlos Delfino,0,3,0,0,0,0
2013,Carmelo Anthony,0,3,0,0,0,0
2013,Caron Butler,0,16,0,0,0,0
2013,Carrick Felix,0,0,0,0,0,0
2013,Cartier Martin,0,3,0,0,0,0
2013,Chandler Parsons,0,6,0,0,0,0
2013,Charles Watson,1,1,1,1,1,1
2013,Charlie Villanueva,0,4,0,0,0,0
2013,Chase Budinger,0,0,0,0,0,0
2013,Chauncey Billups,1,1,1,1,1,1
2013,Chris Andersen,0,1,0,0,0,0
2013,Chris Bosh,0,3,0,0,0,0
2013,Chris Copeland,0,0,0,0,0,0
2013,Chris Duhon,0,1,0,0,0,0
2013,Chris Kaman,0,9,0,0,0,0
2013,Chris Paul,0,13,0,0,0,0
2013,Chris Singleton,0,0,0,0,0,0
2013,Christian McCollum,0,0,0,0,0,0
2013,Cody Zeller,0,0,0,0,0,0
2013,Cole Aldrich,0,1,0,0,0,0
2013,Corey Maggette,0,1,0,0,0,0
2013,Courtney Lee,0,6,0,0,0,0
2013,Daniel Gibson,0,10,0,0,0,0
2013,Daniel Orton,0,3,0,0,0,0
2013,Danilo Gallinari,0,2,0,0,0,0
2013,Danny Granger,0,0,0,0,0,0
2013,Dante Cunningham,0,1,0,0,0,0
2013,Darius Miller,0,0,0,0,0,0
2013,Darrell Arthur,1,12,1,1,1,1
2013,David Lee,0,6,0,0,0,0
2013,David West,0,0,0,0,0,0
2013,DeJuan Blair,0,2,0,0,0,0
2013,DeMarcus Cousins,0,2,0,0,0,0
2013,DeMarre Carroll,0,2,0,0,0,0
2013,DeQuan Jones,0,1,0,0,0,0
2013,DeSagana Diop,0,2,0,0,0,0
2013,DeShawn Stevenson,1,3,1,1,1,1
2013,Deron Williams,0,11,0,0,0,0
2013,Derrick Rose,0,1,0,0,0,0
2013,Derrick Williams,0,1,0,0,0,0
2013,Devin Ebanks,0,1,0,0,0,0
2013,Devin Harris,0,9,0,0,0,0
2013,Dion Waiters,2,6,2,2,2,2
2013,Dirk Nowitzki,0,2,0,0,0,0
2013,Dorell Wright,0,1,0,0,0,0
2013,Doron Lamb,1,8,1,1,1,1
2013,Draymond Green,0,2,0,0,0,0
2013,Dwight Howard,0,6,0,0,0,0
2013,Dwyane Wade,1,4,1,1,1,1
2013,E'Twaun Moore,0,4,0,0,0,0
2013,Earl Smith,0,0,0,0,0,0
2013,Earl Watson,0,4,0,0,0,0
2013,Ed Davis,0,3,0,0,0,0
2013,Ekpe Udoh,0,0,0,0,0,0
2013,Elliot Williams,0,2,0,0,0,0
2013,Elton Brand,0,4,0,0,0,0
2013,Emanuel Ginobili,0,7,0,0,0,0
2013,Emeka Okafor,0,3,0,0,0,0
2013,Enes Kanter,0,2,0,0,0,0
2013,Eric Bledsoe,0,2,0,0,0,0
2013,Eric Gordon,0,10,0,0,0,0
2013,Ersan Ilyasova,0,10,0,0,0,0
2013,Evan Turner,0,1,0,0,0,0
2013,Fab Melo,1,0,1,1,1,1
2013,Festus Ezeli,0,0,0,0,0,0
2013,Francisco Garcia,0,4,0,0,0,0
2013,Gary Neal,0,9,0,0,0,0
2013,George Hill,0,4,0,0,0,0
2013,Gerald Green,0,1,0,0,0,0
2013,Gerald Wallace,1,0,1,1,1,1
2013,Glen Davis,0,4,0,0,0,0
2013,Glen Rice,0,0,0,0,0,0
2013,Goran Dragic,0,4,0,0,0,0
2013,Gordon Hayward,0,10,0,0,0,0
2013,Greg Monroe,0,1,0,0,0,0
2013,Greg Smith,0,24,0,0,0,0
2013,Greg Stiemsma,1,0,1,1,1,1
2013,Greivis Vasquez,0,4,0,0,0,0
2013,Gustavo Ayon,1,9,1,1,1,1
2013,Harrison Barnes,0,4,0,0,0,0
2013,Hasheem Thabeet,0,2,0,0,0,0
2013,Hidayet Turkoglu,1,3,1,1,1,1
2013,Ivan Johnson,0,1,0,0,0,0
2013,JaVale McGee,0,1,0,0,0,0
2013,Jamal Crawford,0,5,0,0,0,0
2013,Jameer Nelson,0,20,0,0,0,0
2013,James Harden,0,8,0,0,0,0
2013,James Hickson,0,1,0,0,0,0
2013,James Johnson,0,2,0,0,0,0
2013,Jared Dudley,1,2,1,1,1,1
2013,Jared Sullinger,0,1,0,0,0,0
2013,Jarrett Jack,0,3,0,0,0,0
2013,Jason Collins,0,3,0,0,0,0
2013,Jason Kidd,0,1,0,0,0,0
2013,Jason Maxiell,0,1,0,0,0,0
2013,Jason Richardson,0,8,0,0,0,0
2013,Jason Smith,1,2,1,1,1,1
2013,Jason Terry,1,2,1,1,1,1
2013,Jeff Teague,0,1,0,0,0,0
2013,Jeffery Taylor,0,6,0,0,0,0
2013,Jeremy Lin,0,12,0,0,0,0
2013,Jermaine O'Neal,0,8,0,0,0,0
2013,Jerry Stackhouse,0,4,0,0,0,0
2013,Jerryd Bayless,0,2,0,0,0,0
2013,Jimmy Butler,0,1,0,0,0,0
2013,Joakim Noah,0,13,0,0,0,0
2013,Jodie Meeks,0,3,0,0,0,0
2013,Joe Johnson,0,2,0,0,0,0
2013,Johan Petro,0,2,0,0,0,0
2013,John Henson,0,3,0,0,0,0
2013,John Jenkins,0,3,0,0,0,0
2013,Jonathan Redick,0,9,0,0,0,0
2013,Jordan Crawford,0,4,0,0,0,0
2013,Jordan Farmar,0,10,0,0,0,0
2013,Jordan Hill,0,3,0,0,0,0
2013,Jose Barea,0,3,0,0,0,0
2013,Jose Calderon,0,7,0,0,0,0
2013,Josh McRoberts,0,1,0,0,0,0
2013,Josh Smith,0,3,0,0,0,0
2013,Kawhi Leonard,0,4,0,0,0,0
2013,Keith Bogans,1,5,1,1,1,1
2013,Kelly Olynyk,0,10,0,0,0,0
2013,Kendrick Perkins,1,0,1,1,1,1
2013,Kenneth Faried,0,3,0,0,0,0
2013,Kenyon Martin,0,12,0,0,0,0
2013,Kevin Garnett,0,10,0,0,0,0
2013,Kevin Love,0,35,0,0,0,0
2013,Kevin Martin,0,4,0,0,0,0
2013,Kevin Seraphin,0,2,0,0,0,0
2013,Keyon Dooling,0,1,0,0,0,0
2013,Kirk Hinrich,0,22,0,0,0,0
2013,Kobe Bryant,0,2,0,0,0,0
2013,Kris Humphries,0,5,0,0,0,0
2013,Kris Joseph,0,1,0,0,0,0
2013,Kwame Brown,1,10,1,1,1,1
2013,Kyle Korver,0,2,0,0,0,0
2013,Kyle Lowry,0,1,0,0,0,0
2013,Kyle O'Quinn,0,3,0,0,0,0
2013,Kyrie Irving,0,4,0,0,0,0
2013,LaMarcus Aldridge,0,2,0,0,0,0
2013,Lance Stephenson,0,1,0,0,0,0
2013,Landry Fields,0,4,0,0,0,0
2013,Larry Sanders,0,4,0,0,0,0
2013,Lazar Hayward,0,1,0,0,0,0
2013,LeBron James,0,5,0,0,0,0
2013,Leandro Barbosa,0,2,0,0,0,0
2013,Linas Kleiza,0,13,0,0,0,0
2013,Louis Williams,0,1,0,0,0,0
2013,Luc Moute,0,1,0,0,0,0
2013,Luke Ridnour,0,2,0,0,0,0
2013,Luke Walton,0,5,0,0,0,0
2013,Luol Deng,0,16,0,0,0,0
2013,Maalik Wayns,0,0,0,0,0,0
2013,Malcolm Lee,0,7,0,0,0,0
2013,Marc Gasol,1,0,1,1,1,1
2013,Marcin Gortat,0,0,0,0,0,0
2013,Marco Belinelli,0,8,0,0,0,0
2013,Marcus Camby,0,6,0,0,0,0
2013,Marcus Thornton,0,4,0,0,0,0
2013,Mario Chalmers,0,1,0,0,0,0
2013,Marquis Daniels,0,2,0,0,0,0
2013,Martell Webster,0,6,0,0,0,0
2013,Marvin Williams,0,10,0,0,0,0
2013,Matt Barnes,0,18,0,0,0,0
2013,Matt Bonner,0,1,0,0,0,0
2013,Maurice Williams,0,4,0,0,0,0
2013,Metta Peace,0,11,0,0,0,0
2013,Meyers Leonard,0,1,0,0,0,0
2013,Michael Carter-Williams,0,11,0,0,0,0
2013,Michael Kidd-Gilchrist,0,0,0,0,0,0
2013,Mickael Pietrus,0,1,0,0,0,0
2013,Mike Conley,0,3,0,0,0,0
2013,Mike Lamont,0,3,0,0,0,0
2013,Mirza Teletovic,0,1,0,0,0,0
2013,Nate Wolters,0,1,0,0,0,0
2013,Nene,1,11,1,1,1,1
2013,Nick Young,0,6,0,0,0,0
2013,Nikola Pekovic,0,18,0,0,0,0
2013,Nikola Vucevic,0,9,0,0,0,0
2013,Ognjen Kuzmic,0,1,0,0,0,0
2013,Omer Asik,0,14,0,0,0,0
2013,Omri Casspi,0,11,0,0,0,0
2013,Pablo Prigioni,0,0,0,0,0,0
2013,Patrick Beverley,0,0,0,0,0,0
2013,Patrick Patterson,0,3,0,0,0,0
2013,Pau Gasol,0,7,0,0,0,0
2013,Paul George,0,0,0,0,0,0
2013,Paul Millsap,0,2,0,0,0,0
2013,Paul Pierce,0,7,0,0,0,0
2013,Quincy Acy,0,1,0,0,0,0
2013,Quincy Pondexter,0,7,0,0,0,0
2013,Rajon Rondo,0,2,0,0,0,0
2013,Ramon Sessions,0,0,0,0,0,0
2013,Rasheed Wallace,0,10,0,0,0,0
2013,Ray Allen,0,3,0,0,0,0
2013,Raymond Felton,0,10,0,0,0,0
2013,Reggie Bullock,1,4,1,1,1,1
2013,Reggie Evans,0,1,0,0,0,0
2013,Richard Hamilton,0,2,0,0,0,0
2013,Ricky Rubio,0,3,0,0,0,0
2013,Rodney Stuckey,0,2,0,0,0,0
2013,Rodrigue Beaubois,0,1,0,0,0,0
2013,Ronnie Brewer,0,4,0,0,0,0
2013,Ronny Turiaf,0,0,0,0,0,0
2013,Roy Hibbert,0,0,0,0,0,0
2013,Rudy Gay,0,3,0,0,0,0
2013,Russell Westbrook,0,0,0,0,0,0
2013,Ryan Anderson,0,1,0,0,0,0
2013,Sam Young,0,4,0,0,0,0
2013,Samardo Samuels,0,1,0,0,0,0
2013,Sebastian Telfair,0,5,0,0,0,0
2013,Shabazz Muhammad,0,7,0,0,0,0
2013,Shane Battier,0,1,0,0,0,0
2013,Shane Larkin,0,0,0,0,0,0
2013,Shaun Livingston,0,1,0,0,0,0
2013,Shawn Marion,0,1,0,0,0,0
2013,Shelvin Mack,0,1,0,0,0,0
2013,Solomon Jones,0,7,0,0,0,0
2013,Spencer Hawes,0,2,0,0,0,0
2013,Stephen Curry,0,3,0,0,0,0
2013,Stephen Jackson,1,2,1,1,1,1
2013,Steve Blake,0,13,0,0,0,0
2013,Steve Clifford,0,0,0,0,0,0
2013,Steve Nash,0,12,0,0,0,0
2013,Taj Gibson,0,2,0,0,0,0
2013,Tayshaun Prince,0,3,0,0,0,0
2013,Terrence Jones,0,1,0,0,0,0
2013,Terrence Ross,0,5,0,0,0,0
2013,Thabo Sefolosha,0,1,0,0,0,0
2013,Thaddeus Young,0,0,0,0,0,0
2013,Tim Duncan,1,3,1,1,1,1
2013,Tim Ohlbrecht,0,4,0,0,0,0
2013,Timofey Mozgov,0,4,0,0,0,0
2013,Tobias Harris,0,11,0,0,0,0
2013,Toney Douglas,0,6,0,0,0,0
2013,Tony Allen,0,4,0,0,0,0
2013,Tony Wroten,0,3,0,0,0,0
2013,Tornike Shengelia,0,0,0,0,0,0
2013,Trevor Ariza,1,17,1,1,1,1
2013,Trevor Booker,0,11,0,0,0,0
2013,Trey Burke,0,0,0,0,0,0
2013,Ty Lawson,1,4,1,1,1,1
2013,Tyler Zeller,0,3,0,0,0,0
2013,Tyreke Evans,0,4,0,0,0,0
2013,Tyrus Thomas,0,1,0,0,0,0
2013,Tyshawn Taylor,0,2,0,0,0,0
2013,Tyson Chandler,0,16,0,0,0,0
2013,Udonis Haslem,0,3,0,0,0,0
2013,Victor Claver,0,3,0,0,0,0
2013,Vince Carter,0,1,0,0,0,0
2013,Vladimir Radmanovic,0,1,0,0,0,0
2013,Wayne Ellington,1,8,1,1,1,1
2013,Wesley Johnson,0,1,0,0,0,0
2013,Wesley Matthews,0,1,0,0,0,0
2013,Will Bynum,0,5,0,0,0,0
2013,William Parker,0,4,0,0,0,0
2013,Wilson Chandler,0,2,0,0,0,0
2013,Xavier Henry,0,1,0,0,0,0
2013,Zach Randolph,0,8,0,0,0,0
2013,Zaur Pachulia,0,12,0,0,0,0
2014,Aaron Brooks,0,1,0,0,0,0
2014,Aaron Gordon,1,0,1,1,1,1
2014,Aaron Gray,0,3,0,0,0,0
2014,Al Horford,1,0,1,1,1,1
2014,Al Jefferson,0,1,0,0,0,0
2014,Alan Anderson,0,4,0,0,0,0
2014,Alec Burks,0,1,0,0,0,0
2014,Alex Len,0,0,0,0,0,0
2014,Alexey Shved,3,0,3,3,3,3
2014,Amare Stoudemire,3,9,3,3,3,3
2014,Anderson Varejao,0,5,0,0,0,0
2014,Andray Blatche,0,3,0,0,0,0
2014,Andre Drummond,0,1,0,0,0,0
2014,Andre Iguodala,0,3,0,0,0,0
2014,Andre Roberson,1,0,1,1,1,1
2014,Andrea Bargnani,0,0,0,0,0,0
2014,Andrei Kirilenko,0,9,0,0,0,0
2014,Andrew Bogut,0,12,0,0,0,0
2014,Andris Biedrins,1,1,1,1,1,1
2014,Antawn Jamison,0,1,0,0,0,0
2014,Anthony Bennett,1,11,1,1,1,1
2014,Anthony Davis,1,8,1,1,1,1
2014,Anthony Morrow,1,2,1,1,1,1
2014,Anthony Randolph,0,2,0,0,0,0
2014,Anthony Warren,0,0,0,0,0,0
2014,Aron Baynes,0,3,0,0,0,0
2014,Arron Afflalo,0,5,0,0,0,0
2014,Austin Daye,0,2,0,0,0,0
2014,Austin Rivers,0,1,0,0,0,0
2014,Avery Bradley,0,9,0,0,0,0
2014,Ben Gordon,0,1,0,0,0,0
2014,Beno Udrih,2,3,2,2,2,2
2014,Blake Griffin,0,1,0,0,0,0
2014,Boris Diaw,1,1,1,1,1,1
2014,Bradley Beal,0,0,0,0,0,0
2014,Brandon Davies,1,6,1,1,1,1
2014,Brandon Jennings,1,0,1,1,1,1
2014,Brandon Knight,0,2,0,0,0,0
2014,Brian Roberts,0,4,0,0,0,0
2014,Brook Lopez,0,0,0,0,0,0
2014,Byron Mullens,0,6,0,0,0,0
2014,Calvin Miles,4,19,4,4,4,4
2014,Carl Landry,0,0,0,0,0,0
2014,Carlos Boozer,1,6,1,1,1,1
2014,Carlos Delfino,0,0,0,0,0,0
2014,Carmelo Anthony,3,2,3,3,3,3
2014,Caron Butler,0,3,0,0,0,0
2014,Chandler Parsons,0,6,0,0,0,0
2014,Charles Watson,2,1,2,2,2,2
2014,Charlie Villanueva,0,5,0,0,0,0
2014,Chase Budinger,0,6,0,0,0,0
2014,Chauncey Billups,0,2,0,0,0,0
2014,Chris Andersen,0,2,0,0,0,0
2014,Chris Bosh,0,0,0,0,0,0
2014,Chris Kaman,0,11,0,0,0,0
2014,Chris Paul,0,2,0,0,0,0
2014,Cleanthony Early,0,0,0,0,0,0
2014,Cory Joseph,1,0,1,1,1,1
2014,Courtney Lee,1,0,1,1,1,1
2014,Damien Inglis,0,0,0,0,0,0
2014,Damjan Rudez,1,0,1,1,1,1
2014,Danilo Gallinari,1,0,1,1,1,1
2014,Danny Granger,2,8,2,2,2,2
2014,Danny Green,1,4,1,1,1,1
2014,Darrell Arthur,2,10,2,2,2,2
2014,Darren Collison,2,2,2,2,2,2
2014,David Lee,0,10,0,0,0,0
2014,David West,1,1,1,1,1,1
2014,DeMar DeRozan,0,1,0,0,0,0
2014,DeMarcus Cousins,0,2,0,0,0,0
2014,DeMarre Carroll,0,4,0,0,0,0
2014,Deron Williams,0,4,0,0,0,0
2014,Derrick Favors,1,0,1,1,1,1
2014,Derrick Rose,2,0,2,2,2,2
2014,Derrick Williams,0,2,0,0,0,0
2014,Devin Harris,0,1,0,0,0,0
2014,Dion Waiters,0,7,0,0,0,0
2014,Dirk Nowitzki,2,0,2,2,2,2
2014,Doug McDermott,0,0,0,0,0,0
2014,Dwight Howard,2,9,2,2,2,2
2014,Dwyane Wade,1,6,1,1,1,1
2014,Earl Smith,2,1,2,2,2,2
2014,Ekpe Udoh,0,27,0,0,0,0
2014,Emanuel Ginobili,5,4,5,5,5,5
2014,Enes Kanter,0,1,0,0,0,0
2014,Eric Bledsoe,1,0,1,1,1,1
2014,Eric Gordon,0,14,0,0,0,0
2014,Eric Moreland,0,0,0,0,0,0
2014,Ersan Ilyasova,2,11,2,2,2,2
2014,Evan Fournier,1,0,1,1,1,1
2014,Evan Turner,1,0,1,1,1,1
2014,Francisco Garcia,1,8,1,1,1,1
2014,Furkan Aldemir,1,0,1,1,1,1
2014,Gal Mekel,1,19,1,1,1,1
2014,Gary Neal,1,2,1,1,1,1
2014,George Hill,0,3,0,0,0,0
2014,Gerald Henderson,0,5,0,0,0,0
2014,Gerald Wallace,0,3,0,0,0,0
2014,Glen Rice,0,1,0,0,0,0
2014,Glenn Robinson,1,0,1,1,1,1
2014,Goran Dragic,0,3,0,0,0,0
2014,Gordon Hayward,0,1,0,0,0,0
2014,Greg Oden,0,1,0,0,0,0
2014,Greg Smith,0,15,0,0,0,0
2014,Gustavo Ayon,0,5,0,0,0,0
2014,Hassan Whiteside,1,0,1,1,1,1
2014,Hidayet Turkoglu,0,1,0,0,0,0
2014,Hollis Thompson,1,3,1,1,1,1
2014,Ian Mahinmi,0,0,0,0,0,0
2014,Iman Shumpert,1,2,1,1,1,1
2014,Isaiah Canaan,3,0,3,3,3,3
2014,Isaiah Thomas,0,9,0,0,0,0
2014,JaVale McGee,1,0,1,1,1,1
2014,Jabari Parker,0,0,0,0,0,0
2014,Jamal Crawford,2,13,2,2,2,2
2014,Jameer Nelson,3,9,3,3,3,3
2014,James Anderson,0,2,0,0,0,0
2014,James Harden,0,2,0,0,0,0
2014,James Hickson,0,13,0,0,0,0
2014,James Johnson,1,1,1,1,1,1
2014,Jan Vesely,0,2,0,0,0,0
2014,Jared Dudley,0,3,0,0,0,0
2014,Jared Sullinger,0,6,0,0,0,0
2014,Jarrett Jack,0,1,0,0,0,0
2014,Jarvis Varnado,0,1,0,0,0,0
2014,Jason Smith,0,37,0,0,0,0
2014,Jeff Teague,0,3,0,0,0,0
2014,Jeffery Taylor,0,6,0,0,0,0
2014,Jerami Grant,1,0,1,1,1,1
2014,Jeremy Evans,1,0,1,1,1,1
2014,Jeremy Lamb,1,0,1,1,1,1
2014,Jeremy Lin,0,1,0,0,0,0
2014,Jermaine O'Neal,0,1,0,0,0,0
2014,Jerryd Bayless,1,4,1,1,1,1
2014,Jimmy Butler,0,3,0,0,0,0
2014,Joakim Noah,0,1,0,0,0,0
2014,Jodie Meeks,0,5,0,0,0,0
2014,Joe Johnson,1,2,1,1,1,1
2014,John Henson,1,7,1,1,1,1
2014,John Jenkins,0,0,0,0,0,0
2014,John Lucas,0,3,0,0,0,0
2014,John Salmons,0,1,0,0,0,0
2014,Johnny O'Bryant,0,0,0,0,0,0
2014,Jonathan Redick,0,1,0,0,0,0
2014,Jordan Farmar,0,21,0,0,0,0
2014,Jordan Hill,0,7,0,0,0,0
2014,Jose Barea,0,3,0,0,0,0
2014,Josh Harrellson,1,0,1,1,1,1
2014,Josh McRoberts,0,3,0,0,0,0
2014,Josh Smith,0,5,0,0,0,0
2014,Jrue Holiday,0,13,0,0,0,0
2014,Julius Randle,0,0,0,0,0,0
2014,Justin Hamilton,1,2,1,1,1,1
2014,Kawhi Leonard,1,0,1,1,1,1
2014,Kelly Olynyk,0,2,0,0,0,0
2014,Kemba Walker,1,8,1,1,1,1
2014,Kendrick Perkins,2,0,2,2,2,2
2014,Kenneth Faried,2,0,2,2,2,2
2014,Kent Bazemore,0,5,0,0,0,0
2014,Kenyon Martin,0,3,0,0,0,0
2014,Kevin Durant,0,1,0,0,0,0
2014,Kevin Garnett,1,10,1,1,1,1
2014,Kevin Love,1,4,1,1,1,1
2014,Kevin Martin,1,5,1,1,1,1
2014,Kevin McDaniels,1,0,1,1,1,1
2014,Kevin Seraphin,0,4,0,0,0,0
2014,Khris Middleton,0,2,0,0,0,0
2014,Klay Thompson,1,0,1,1,1,1
2014,Kobe Bryant,1,0,1,1,1,1
2014,Kostas Papanikolaou,1,0,1,1,1,1
2014,Kris Humphries,0,6,0,0,0,0
2014,Kyle Korver,0,6,0,0,0,0
2014,Kyrie Irving,1,0,1,1,1,1
2014,LaMarcus Aldridge,1,6,1,1,1,1
2014,Lance Stephenson,2,2,2,2,2,2
2014,Landry Fields,1,5,1,1,1,1
2014,Larry Sanders,1,4,1,1,1,1
2014,Lavoy Allen,0,4,0,0,0,0
2014,LeBron James,2,0,2,2,2,2
2014,Leandro Barbosa,1,7,1,1,1,1
2014,Lorenzo Brown,0,5,0,0,0,0
2014,Louis Williams,0,2,0,0,0,0
2014,Luc Moute,2,2,2,2,2,2
2014,Luigi Datome,1,0,1,1,1,1
2014,Luke Babbitt,1,0,1,1,1,1
2014,Luke Ridnour,0,1,0,0,0,0
2014,Luol Deng,2,6,2,2,2,2
2014,Malcolm Thomas,1,0,1,1,1,1
2014,Marcin Gortat,0,1,0,0,0,0
2014,Marco Belinelli,1,1,1,1,1,1
2014,Marcus Smart,1,1,1,1,1,1
2014,Marcus Thornton,0,4,0,0,0,0
2014,Mario Chalmers,0,5,0,0,0,0
2014,Markel Brown,0,0,0,0,0,0
2014,Martell Webster,0,3,0,0,0,0
2014,Marvin Williams,1,3,1,1,1,1
2014,Matt Barnes,1,0,1,1,1,1
2014,Matt Bonner,1,4,1,1,1,1
2014,Maurice Williams,2,4,2,2,2,2
2014,Metta Peace,0,4,0,0,0,0
2014,Michael Beasley,0,1,0,0,0,0
2014,Michael Carter-Williams,1,2,1,1,1,1
2014,Miles Plumlee,0,2,0,0,0,0
2014,Miroslav Raduljica,0,2,0,0,0,0
2014,Mirza Teletovic,1,0,1,1,1,1
2014,Mitch McGary,0,0,0,0,0,0
2014,Nate Robinson,1,35,1,1,1,1
2014,Nate Wolters,1,8,1,1,1,1
2014,Nemanja Nedovic,0,12,0,0,0,0
2014,Nene,2,0,2,2,2,2
2014,Nerlens Noel,1,1,1,1,1,1
2014,Nick Young,0,15,0,0,0,0
2014,Nikola Pekovic,1,14,1,1,1,1
2014,Nikola Vucevic,1,21,1,1,1,1
2014,Noah Vonleh,0,0,0,0,0,0
2014,Norris Cole,1,0,1,1,1,1
2014,Omer Asik,0,8,0,0,0,0
2014,Omri Casspi,1,1,1,1,1,1
2014,Otto Porter,0,1,0,0,0,0
2014,Ovinton Mayo,0,20,0,0,0,0
2014,Pablo Prigioni,1,0,1,1,1,1
2014,Patrick Beverley,1,9,1,1,1,1
2014,Patrick Mills,0,1,0,0,0,0
2014,Patrick Patterson,0,1,0,0,0,0
2014,Pau Gasol,0,19,0,0,0,0
2014,Paul George,0,1,0,0,0,0
2014,Paul Millsap,0,5,0,0,0,0
2014,Paul Pierce,1,2,1,1,1,1
2014,Pero Antic,1,5,1,1,1,1
2014,Perry Jones,1,0,1,1,1,1
2014,Peyton Siva,0,9,0,0,0,0
2014,Pierre Jackson,0,0,0,0,0,0
2014,Quincy Acy,0,2,0,0,0,0
2014,Quincy Pondexter,0,1,0,0,0,0
2014,Rajon Rondo,0,10,0,0,0,0
2014,Ramon Sessions,2,0,2,2,2,2
2014,Randy Foye,0,2,0,0,0,0
2014,Ray Allen,1,1,1,1,1,1
2014,Raymond Felton,0,1,0,0,0,0
2014,Reggie Evans,0,1,0,0,0,0
2014,Reggie Jackson,1,2,1,1,1,1
2014,Ricky Rubio,0,1,0,0,0,0
2014,Rodney Stuckey,1,2,1,1,1,1
2014,Ronnie Brewer,0,6,0,0,0,0
2014,Ronnie Price,0,13,0,0,0,0
2014,Ronny Turiaf,0,4,0,0,0,0
2014,Roy Hibbert,1,0,1,1,1,1
2014,Roy Marble,1,0,1,1,1,1
2014,Rudy Gay,0,3,0,0,0,0
2014,Russell Westbrook,1,5,1,1,1,1
2014,Ryan Anderson,0,0,0,0,0,0
2014,Ryan Kelly,2,0,2,2,2,2
2014,Samuel Dalembert,1,0,1,1,1,1
2014,Samuel Hairston,0,1,0,0,0,0
2014,Serge Ibaka,0,1,0,0,0,0
2014,Sergey Karasev,1,9,1,1,1,1
2014,Shabazz Muhammad,0,1,0,0,0,0
2014,Shaun Livingston,0,5,0,0,0,0
2014,Shawn Marion,1,1,1,1,1,1
2014,Solomon Hill,0,3,0,0,0,0
2014,Stephen Curry,0,1,0,0,0,0
2014,Steve Blake,0,15,0,0,0,0
2014,Steve Nash,1,17,1,1,1,1
2014,Tarik Black,0,1,0,0,0,0
2014,Terrence Jones,0,3,0,0,0,0
2014,Thomas Robinson,0,1,0,0,0,0
2014,Tiago Splitter,2,6,2,2,2,2
2014,Tim Duncan,5,2,5,5,5,5
2014,Tobias Harris,1,0,1,1,1,1
2014,Tony Allen,2,22,2,2,2,2
2014,Tony Wroten,1,8,1,1,1,1
2014,Tornike Shengelia,0,4,0,0,0,0
2014,Toure' Murry,0,1,0,0,0,0
2014,Trevor Booker,0,1,0,0,0,0
2014,Troy Daniels,0,1,0,0,0,0
2014,Ty Lawson,0,18,0,0,0,0
2014,Tyreke Evans,1,6,1,1,1,1
2014,Tyshawn Taylor,0,1,0,0,0,0
2014,Tyson Chandler,0,4,0,0,0,0
2014,Udonis Haslem,1,2,1,1,1,1
2014,Viacheslav Kravtsov,0,3,0,0,0,0
2014,Victor Oladipo,0,1,0,0,0,0
2014,Vitor Faverani,0,27,0,0,0,0
2014,Wayne Ellington,1,4,1,1,1,1
2014,Wesley Johnson,0,1,0,0,0,0
2014,William Parker,3,3,3,3,3,3
2014,Wilson Chandler,0,14,0,0,0,0
2014,Xavier Henry,1,20,1,1,1,1
2014,Zach Randolph,0,1,0,0,0,0
2015,Aaron Brooks,2,0,2,2,2,2
2015,Aaron Gordon,1,0,1,1,1,1
2015,Al Horford,3,0,3,3,3,3
2015,Al Jefferson,0,0,0,0,0,0
2015,Alan Anderson,3,0,3,3,3,3
2015,Alec Burks,0,0,0,0,0,0
2015,Alex Len,2,0,2,2,2,2
2015,Alexey Shved,0,0,0,0,0,0
2015,Alexis Ajinca,1,0,1,1,1,1
2015,Allen Crabbe,1,0,1,1,1,1
2015,Alonzo Gee,1,0,1,1,1,1
2015,Amare Stoudemire,2,0,2,2,2,2
2015,Amir Johnson,1,0,1,1,1,1
2015,Anderson Varejao,0,0,0,0,0,0
2015,Andre Iguodala,4,0,4,4,4,4
2015,Andre Roberson,1,0,1,1,1,1
2015,Andrea Bargnani,1,0,1,1,1,1
2015,Andrew Bogut,3,0,3,3,3,3
2015,Andrew Wiggins,1,0,1,1,1,1
2015,Anthony Bennett,2,0,2,2,2,2
2015,Anthony Davis,7,0,7,7,7,7
2015,Anthony Morrow,0,0,0,0,0,0
2015,Aron Baynes,3,0,3,3,3,3
2015,Arron Afflalo,1,0,1,1,1,1
2015,Austin Rivers,3,0,3,3,3,3
2015,Beno Udrih,2,0,2,2,2,2
2015,Bernard James,0,0,0,0,0,0
2015,Bismack Biyombo,1,0,1,1,1,1
2015,Blake Griffin,0,0,0,0,0,0
2015,Bojan Bogdanovic,1,0,1,1,1,1
2015,Bradley Beal,3,1,3,3,3,3
2015,Brandan Wright,4,0,4,4,4,4
2015,Brandon Jennings,0,0,0,0,0,0
2015,Brandon Knight,2,0,2,2,2,2
2015,Brandon Rush,1,0,1,1,1,1
2015,Brendan Haywood,1,0,1,1,1,1
2015,Brook Lopez,1,0,1,1,1,1
2015,Calvin Miles,2,0,2,2,2,2
2015,Cameron Bairstow,0,0,0,0,0,0
2015,Carl Landry,1,0,1,1,1,1
2015,Carlos Boozer,1,0,1,1,1,1
2015,Carmelo Anthony,4,0,4,4,4,4
2015,Caron Butler,1,0,1,1,1,1
2015,Cartier Martin,1,0,1,1,1,1
2015,Chandler Parsons,3,2,3,3,3,3
2015,Channing Frye,1,0,1,1,1,1
2015,Charles Watson,4,0,4,4,4,4
2015,Chase Budinger,2,0,2,2,2,2
2015,Chris Andersen,7,0,7,7,7,7
2015,Chris Kaman,5,0,5,5,5,5
2015,Chris McCullough,1,0,1,1,1,1
2015,Chris Paul,3,0,3,3,3,3
2015,Christian McCollum,1,0,1,1,1,1
2015,Chuck Hayes,1,0,1,1,1,1
2015,Cleanthony Early,3,0,3,3,3,3
2015,Cliff Alexander,1,0,1,1,1,1
2015,Clint Capela,1,0,1,1,1,1
2015,Cody Zeller,2,0,2,2,2,2
2015,Cole Aldrich,1,0,1,1,1,1
2015,Cory Jefferson,0,0,0,0,0,0
2015,Cory Joseph,0,0,0,0,0,0
2015,Damjan Rudez,0,0,0,0,0,0
2015,Danilo Gallinari,3,0,3,3,3,3
2015,Dante Exum,0,0,0,0,0,0
2015,Darius Morris,0,0,0,0,0,0
2015,Darrell Arthur,4,0,4,4,4,4
2015,Darren Collison,1,0,1,1,1,1
2015,Darrun Hilliard,0,0,0,0,0,0
2015,David Lee,1,0,1,1,1,1
2015,David West,1,0,1,1,1,1
2015,DeMar DeRozan,1,0,1,1,1,1
2015,DeMarcus Cousins,4,0,4,4,4,4
2015,DeMarre Carroll,7,0,7,7,7,7
2015,Dennis Schroder,1,0,1,1,1,1
2015,Deron Williams,4,0,4,4,4,4
2015,Derrick Favors,3,0,3,3,3,3
2015,Derrick Rose,2,0,2,2,2,2
2015,Derrick Williams,1,0,1,1,1,1
2015,Devin Harris,1,0,1,1,1,1
2015,Dewayne Dedmon,2,0,2,2,2,2
2015,Dirk Nowitzki,2,0,2,2,2,2
2015,Donatas Motiejunas,1,0,1,1,1,1
2015,Dorell Wright,0,0,0,0,0,0
2015,Doug McDermott,1,0,1,1,1,1
2015,Drew Gooden,2,0,2,2,2,2
2015,Duje Dukan,1,0,1,1,1,1
2015,Dwight Howard,7,0,7,7,7,7
2015,Dwight Powell,1,0,1,1,1,1
2015,Dwyane Wade,2,0,2,2,2,2
2015,Earl Smith,3,0,3,3,3,3
2015,Emanuel Ginobili,2,0,2,2,2,2
2015,Enes Kanter,2,0,2,2,2,2
2015,Eric Bledsoe,0,0,0,0,0,0
2015,Eric Moreland,0,0,0,0,0,0
2015,Erick Green,1,0,1,1,1,1
2015,Ersan Ilyasova,2,0,2,2,2,2
2015,Evan Fournier,0,0,0,0,0,0
2015,Festus Ezeli,1,0,1,1,1,1
2015,Furkan Aldemir,1,0,1,1,1,1
2015,Garrett Temple,1,0,1,1,1,1
2015,Gary Harris,1,0,1,1,1,1
2015,Gary Neal,7,0,7,7,7,7
2015,George Hill,2,0,2,2,2,2
2015,Giannis Antetokounmpo,2,0,2,2,2,2
2015,Glenn Robinson,1,0,1,1,1,1
2015,Goran Dragic,2,0,2,2,2,2
2015,Gordon Hayward,1,0,1,1,1,1
2015,Gorgui Dieng,0,0,0,0,0,0
2015,Greg Monroe,1,0,1,1,1,1
2015,Greivis Vasquez,0,0,0,0,0,0
2015,Hassan Whiteside,5,0,5,5,5,5
2015,Henry Walker,1,0,1,1,1,1
2015,Hidayet Turkoglu,1,0,1,1,1,1
2015,Hollis Thompson,0,0,0,0,0,0
2015,Ian Mahinmi,2,0,2,2,2,2
2015,Iman Shumpert,1,0,1,1,1,1
2015,Isaiah Canaan,0,0,0,0,0,0
2015,Isaiah Thomas,0,0,0,0,0,0
2015,Ishmael Smith,1,0,1,1,1,1
2015,JaVale McGee,2,0,2,2,2,2
2015,Jabari Parker,3,0,3,3,3,3
2015,Jae Crowder,1,0,1,1,1,1
2015,Jahlil Okafor,1,0,1,1,1,1
2015,Jamal Crawford,1,0,1,1,1,1
2015,Jameer Nelson,5,0,5,5,5,5
2015,James Ennis,2,0,2,2,2,2
2015,James Hickson,1,0,1,1,1,1
2015,James Johnson,1,0,1,1,1,1
2015,James Young,1,0,1,1,1,1
2015,Jared Dudley,5,0,5,5,5,5
2015,Jared Sullinger,1,0,1,1,1,1
2015,Jarell Martin,1,0,1,1,1,1
2015,Jarrett Jack,2,0,2,2,2,2
2015,Jason Kidd,0,0,0,0,0,0
2015,Jason Richardson,5,0,5,5,5,5
2015,Jason Smith,2,0,2,2,2,2
2015,Jason Terry,1,0,1,1,1,1
2015,Jeff Teague,2,0,2,2,2,2
2015,Jerami Grant,2,0,2,2,2,2
2015,Jeremy Evans,1,0,1,1,1,1
2015,Jeremy Lamb,1,0,1,1,1,1
2015,Jeremy Lin,3,0,3,3,3,3
2015,Jerryd Bayless,2,0,2,2,2,2
2015,Jimmy Butler,1,0,1,1,1,1
2015,Joakim Noah,4,0,4,4,4,4
2015,Jodie Meeks,0,0,0,0,0,0
2015,Joe Ingles,2,0,2,2,2,2
2015,Joel Anthony,1,0,1,1,1,1
2015,Joel Embiid,0,0,0,0,0,0
2015,Joffrey Lauvergne,2,0,2,2,2,2
2015,John Henson,2,0,2,2,2,2
2015,John Wall,1,0,1,1,1,1
2015,Jon Leuer,2,0,2,2,2,2
2015,Jonas Valanciunas,0,0,0,0,0,0
2015,Jonathan Redick,4,0,4,4,4,4
2015,Jordan Adams,1,0,1,1,1,1
2015,Jordan Clarkson,1,0,1,1,1,1
2015,Jordan Hill,3,0,3,3,3,3
2015,Jose Barea,2,0,2,2,2,2
2015,Jose Calderon,0,0,0,0,0,0
2015,Jrue Holiday,7,0,7,7,7,7
2015,Julius Randle,1,0,1,1,1,1
2015,Justin Hamilton,1,0,1,1,1,1
2015,Justise Winslow,1,0,1,1,1,1
2015,Jusuf Nurkic,2,0,2,2,2,2
2015,Kemba Walker,1,0,1,1,1,1
2015,Kendall Marshall,1,0,1,1,1,1
2015,Kendrick Perkins,1,0,1,1,1,1
2015,Kenneth Faried,4,0,4,4,4,4
2015,Kent Bazemore,1,0,1,1,1,1
2015,Kenyon Martin,1,0,1,1,1,1
2015,Kevin Durant,1,0,1,1,1,1
2015,Kevin Garnett,5,0,5,5,5,5
2015,Kevin Love,2,0,2,2,2,2
2015,Kevin Martin,4,0,4,4,4,4
2015,Kevin McDaniels,0,0,0,0,0,0
2015,Kevin Seraphin,3,0,3,3,3,3
2015,Kevon Looney,0,0,0,0,0,0
2015,Kirk Hinrich,2,0,2,2,2,2
2015,Klay Thompson,3,0,3,3,3,3
2015,Kobe Bryant,4,0,4,4,4,4
2015,Kosta Koufos,1,0,1,1,1,1
2015,Kostas Papanikolaou,2,0,2,2,2,2
2015,Kris Humphries,4,0,4,4,4,4
2015,Kyle Korver,3,0,3,3,3,3
2015,Kyle Lowry,1,0,1,1,1,1
2015,Kyrie Irving,4,0,4,4,4,4
2015,LaMarcus Aldridge,5,0,5,5,5,5
2015,Lance Stephenson,0,0,0,0,0,0
2015,Lance Thomas,1,0,1,1,1,1
2015,Landry Fields,0,0,0,0,0,0
2015,Larry Nance,1,0,1,1,1,1
2015,Lavoy Allen,1,0,1,1,1,1
2015,LeBron James,4,0,4,4,4,4
2015,Leandro Barbosa,6,0,6,6,6,6
2015,Louis Amundson,4,0,4,4,4,4
2015,Louis Williams,1,0,1,1,1,1
2015,Luc Moute,6,0,6,6,6,6
2015,Lucas Nogueira,2,0,2,2,2,2
2015,Luke Babbitt,1,0,1,1,1,1
2015,Luke Ridnour,1,0,1,1,1,1
2015,Luol Deng,4,0,4,4,4,4
2015,Malcolm Thomas,1,0,1,1,1,1
2015,Marc Gasol,1,0,1,1,1,1
2015,Marco Belinelli,1,0,1,1,1,1
2015,Marcus Morris,0,0,0,0,0,0
2015,Marcus Smart,1,0,1,1,1,1
2015,Marcus Thornton,2,0,2,2,2,2
2015,Mario Chalmers,2,0,2,2,2,2
2015,Markieff Morris,1,0,1,1,1,1
2015,Martell Webster,0,0,0,0,0,0
2015,Marvin Williams,1,0,1,1,1,1
2015,Matt Barnes,2,0,2,2,2,2
2015,Matthew Dellavedova,1,0,1,1,1,1
2015,Maurice Williams,4,0,4,4,4,4
2015,Meyers Leonard,0,0,0,0,0,0
2015,Michael Beasley,1,0,1,1,1,1
2015,Michael Carter-Williams,5,0,5,5,5,5
2015,Michael Kidd-Gilchrist,1,0,1,1,1,1
2015,Mike Conley,2,0,2,2,2,2
2015,Mike Dunleavy,0,0,0,0,0,0
2015,Mike Muscala,2,0,2,2,2,2
2015,Mike Scott,1,0,1,1,1,1
2015,Mirza Teletovic,0,0,0,0,0,0
2015,Mitch McGary,1,0,1,1,1,1
2015,Monta Ellis,1,0,1,1,1,1
2015,Myles Turner,1,0,1,1,1,1
2015,Nate Robinson,0,0,0,0,0,0
2015,Nene,1,0,1,1,1,1
2015,Nerlens Noel,4,0,4,4,4,4
2015,Nick Collison,1,0,1,1,1,1
2015,Nick Young,1,0,1,1,1,1
2015,Nicolas Batum,4,0,4,4,4,4
2015,Nik Stauskas,3,0,3,3,3,3
2015,Nikola Jokic,1,0,1,1,1,1
2015,Nikola Pekovic,2,0,2,2,2,2
2015,Nikola Vucevic,2,0,2,2,2,2
2015,Norris Cole,1,0,1,1,1,1
2015,Ognjen Kuzmic,1,0,1,1,1,1
2015,Omer Asik,3,0,3,3,3,3
2015,Omri Casspi,0,0,0,0,0,0
2015,Otto Porter,1,0,1,1,1,1
2015,Ovinton Mayo,5,0,5,5,5,5
2015,Pablo Prigioni,2,0,2,2,2,2
2015,Patrick Beverley,2,0,2,2,2,2
2015,Paul Millsap,2,0,2,2,2,2
2015,Paul Pierce,3,0,3,3,3,3
2015,Pero Antic,3,0,3,3,3,3
2015,Perry Jones,0,0,0,0,0,0
2015,Phil Pressey,1,0,1,1,1,1
2015,Quincy Acy,1,0,1,1,1,1
2015,Quincy Pondexter,0,0,0,0,0,0
2015,R.J. Hunter,1,0,1,1,1,1
2015,Rajon Rondo,1,0,1,1,1,1
2015,Randy Foye,1,0,1,1,1,1
2015,Reggie Bullock,0,0,0,0,0,0
2015,Reggie Evans,0,0,0,0,0,0
2015,Richard Jefferson,0,0,0,0,0,0
2015,Richaun Holmes,1,0,1,1,1,1
2015,Ricky Rubio,4,0,4,4,4,4
2015,Robbie Hummel,3,0,3,3,3,3
2015,Robert Covington,4,0,4,4,4,4
2015,Rodney Hood,1,0,1,1,1,1
2015,Rodney Stuckey,4,0,4,4,4,4
2015,Rondae Hollis-Jefferson,1,0,1,1,1,1
2015,Ronnie Price,3,0,3,3,3,3
2015,Rudy Gay,3,0,3,3,3,3
2015,Rudy Gobert,1,0,1,1,1,1
2015,Russell Westbrook,1,0,1,1,1,1
2015,Ryan Anderson,3,0,3,3,3,3
2015,Ryan Hollins,1,0,1,1,1,1
2015,Ryan Kelly,0,0,0,0,0,0
2015,Sam Dekker,1,0,1,1,1,1
2015,Samuel Hairston,1,0,1,1,1,1
2015,Serge Ibaka,0,0,0,0,0,0
2015,Sergey Karasev,3,0,3,3,3,3
2015,Seth Curry,1,0,1,1,1,1
2015,Shabazz Muhammad,1,0,1,1,1,1
2015,Shabazz Napier,0,0,0,0,0,0
2015,Shane Larkin,2,0,2,2,2,2
2015,Shavlik Randolph,1,0,1,1,1,1
2015,Shawn Marion,1,0,1,1,1,1
2015,Shawne Williams,2,0,2,2,2,2
2015,Shayne Whittington,1,0,1,1,1,1
2015,Shelvin Mack,0,0,0,0,0,0
2015,Spencer Dinwiddie,1,0,1,1,1,1
2015,Spencer Hawes,1,0,1,1,1,1
2015,Stephen Curry,3,0,3,3,3,3
2015,Steve Kerr,0,0,0,0,0,0
2015,Steve Nash,0,0,0,0,0,0
2015,Steve Novak,0,0,0,0,0,0
2015,Steven Adams,1,0,1,1,1,1
2015,Taj Gibson,0,0,0,0,0,0
2015,Tarik Black,1,0,1,1,1,1
2015,Tayshaun Prince,1,0,1,1,1,1
2015,Terrence Jones,3,0,3,3,3,3
2015,Terrence Ross,1,0,1,1,1,1
2015,Thabo Sefolosha,0,0,0,0,0,0
2015,Thaddeus Young,1,0,1,1,1,1
2015,Thomas Robinson,3,0,3,3,3,3
2015,Tiago Splitter,2,0,2,2,2,2
2015,Tim Duncan,1,0,1,1,1,1
2015,Tim Hardaway,2,0,2,2,2,2
2015,Timofey Mozgov,1,0,1,1,1,1
2015,Tobias Harris,3,0,3,3,3,3
2015,Tony Allen,2,0,2,2,2,2
2015,Tony Wroten,3,0,3,3,3,3
2015,Toure' Murry,1,0,1,1,1,1
2015,Travis Wear,1,0,1,1,1,1
2015,Trevor Ariza,1,0,1,1,1,1
2015,Trevor Booker,1,0,1,1,1,1
2015,Trey Burke,3,0,3,3,3,3
2015,Ty Lawson,4,0,4,4,4,4
2015,Tyler Ennis,1,0,1,1,1,1
2015,Tyler Johnson,1,0,1,1,1,1
2015,Tyreke Evans,2,0,2,2,2,2
2015,Tyson Chandler,2,0,2,2,2,2
2015,Udonis Haslem,2,0,2,2,2,2
2015,Victor Oladipo,1,0,1,1,1,1
2015,Wayne Ellington,2,0,2,2,2,2
2015,Wesley Johnson,1,0,1,1,1,1
2015,Wesley Matthews,2,0,2,2,2,2
2015,Willie Cauley-Stein,0,0,0,0,0,0
2015,Willie Green,2,0,2,2,2,2
2015,Willie Reed,0,0,0,0,0,0
2015,Wilson Chandler,3,0,3,3,3,3
2015,Zach LaVine,1,0,1,1,1,1
2015,Zach Randolph,3,0,3,3,3,3
2015,Zaur Pachulia,1,0,1,1,1,1
2016,Aaron Brooks,2,0,2,2,2,2
2016,Aaron Gordon,1,0,1,1,1,1
2016,Al-Farouq Aminu,1,0,1,1,1,1
2016,Alan Anderson,2,0,2,2,2,2
2016,Alec Burks,1,0,1,1,1,1
2016,Alex Abrines,1,0,1,1,1,1
2016,Alex Len,3,0,3,3,3,3
2016,Alexis Ajinca,2,0,2,2,2,2
2016,Allen Crabbe,1,0,1,1,1,1
2016,Alonzo Gee,0,0,0,0,0,0
2016,Andre Drummond,1,0,1,1,1,1
2016,Andre Iguodala,3,0,3,3,3,3
2016,Andre Roberson,1,0,1,1,1,1
2016,Andrea Bargnani,1,0,1,1,1,1
2016,Andrew Bogut,7,0,7,7,7,7
2016,Anthony Bennett,2,0,2,2,2,2
2016,Anthony Brown,0,0,0,0,0,0
2016,Anthony Davis,6,0,6,6,6,6
2016,Anthony Tolliver,2,0,2,2,2,2
2016,Anthony Tucker,0,0,0,0,0,0
2016,Anthony Warren,2,0,2,2,2,2
2016,Archie Goodwin,1,0,1,1,1,1
2016,Aron Baynes,2,0,2,2,2,2
2016,Arron Afflalo,2,0,2,2,2,2
2016,Austin Rivers,2,0,2,2,2,2
2016,Avery Bradley,2,0,2,2,2,2
2016,Ben McLemore,3,0,3,3,3,3
2016,Ben Simmons,0,0,0,0,0,0
2016,Beno Udrih,3,0,3,3,3,3
2016,Blake Griffin,4,0,4,4,4,4
2016,Bobby Portis,1,0,1,1,1,1
2016,Bojan Bogdanovic,1,0,1,1,1,1
2016,Boris Diaw,3,0,3,3,3,3
2016,Bradley Beal,4,0,4,4,4,4
2016,Brandan Wright,2,0,2,2,2,2
2016,Brandon Bass,2,0,2,2,2,2
2016,Brandon Jennings,1,0,1,1,1,1
2016,Brandon Knight,4,0,4,4,4,4
2016,Brandon Rush,3,0,3,3,3,3
2016,Brian Roberts,1,0,1,1,1,1
2016,Brice Johnson,0,0,0,0,0,0
2016,Brook Lopez,3,0,3,3,3,3
2016,Bruno Caboclo,1,0,1,1,1,1
2016,Bryce Dejean-Jones,0,0,0,0,0,0
2016,Calvin Miles,7,0,7,7,7,7
2016,Cameron Bairstow,3,0,3,3,3,3
2016,Cameron Payne,2,0,2,2,2,2
2016,Caris LeVert,2,0,2,2,2,2
2016,Carl Landry,0,0,0,0,0,0
2016,Carmelo Anthony,4,0,4,4,4,4
2016,Caron Butler,1,0,1,1,1,1
2016,Chandler Parsons,2,0,2,2,2,2
2016,Charles Watson,0,0,0,0,0,0
2016,Chasson Randle,0,0,0,0,0,0
2016,Chris Andersen,2,0,2,2,2,2
2016,Chris Bosh,0,0,0,0,0,0
2016,Chris Kaman,1,0,1,1,1,1
2016,Chris Paul,6,0,6,6,6,6
2016,Christian Wood,2,0,2,2,2,2
2016,Clint Capela,3,0,3,3,3,3
2016,Cody Zeller,2,0,2,2,2,2
2016,Cory Joseph,1,0,1,1,1,1
2016,Courtney Lee,4,0,4,4,4,4
2016,Cristiano Felicio,1,0,1,1,1,1
2016,D'Angelo Russell,2,0,2,2,2,2
2016,Damjan Rudez,1,0,1,1,1,1
2016,Daniel Ochefu,1,0,1,1,1,1
2016,Danilo Gallinari,1,0,1,1,1,1
2016,Danny Green,3,0,3,3,3,3
2016,Dante Cunningham,2,0,2,2,2,2
2016,Dante Exum,1,0,1,1,1,1
2016,Danuel House,0,0,0,0,0,0
2016,Darrell Arthur,5,0,5,5,5,5
2016,Darren Collison,1,0,1,1,1,1
2016,David Lee,1,0,1,1,1,1
2016,David West,2,0,2,2,2,2
2016,DeAndre Jordan,4,0,4,4,4,4
2016,DeJuan Blair,1,0,1,1,1,1
2016,DeMar DeRozan,2,0,2,2,2,2
2016,DeMarcus Cousins,6,0,6,6,6,6
2016,DeMarre Carroll,4,0,4,4,4,4
2016,Delon Wright,5,0,5,5,5,5
2016,Denzel Valentine,1,0,1,1,1,1
2016,Deron Williams,6,0,6,6,6,6
2016,Derrick Favors,5,0,5,5,5,5
2016,Derrick Rose,7,0,7,7,7,7
2016,Derrick Williams,1,0,1,1,1,1
2016,Devin Harris,2,0,2,2,2,2
2016,Dewayne Dedmon,1,0,1,1,1,1
2016,Deyonta Davis,1,0,1,1,1,1
2016,Dion Waiters,1,0,1,1,1,1
2016,Dirk Nowitzki,6,0,6,6,6,6
2016,Donald Sloan,1,0,1,1,1,1
2016,Donatas Motiejunas,3,0,3,3,3,3
2016,Doug McDermott,2,0,2,2,2,2
2016,Draymond Green,2,0,2,2,2,2
2016,Drew Gooden,2,0,2,2,2,2
2016,Duje Dukan,1,0,1,1,1,1
2016,Dwight Howard,3,0,3,3,3,3
2016,Dwyane Wade,6,0,6,6,6,6
2016,E'Twaun Moore,5,0,5,5,5,5
2016,Earl Smith,2,0,2,2,2,2
2016,Elfrid Payton,2,0,2,2,2,2
2016,Elton Brand,1,0,1,1,1,1
2016,Emanuel Ginobili,2,0,2,2,2,2
2016,Eric Gordon,1,0,1,1,1,1
2016,Ersan Ilyasova,4,0,4,4,4,4
2016,Evan Turner,2,0,2,2,2,2
2016,Festus Ezeli,0,0,0,0,0,0
2016,Frank Kaminsky,1,0,1,1,1,1
2016,Gary Harris,2,0,2,2,2,2
2016,Gary Neal,0,0,0,0,0,0
2016,George Hill,4,0,4,4,4,4
2016,Gerald Henderson,2,0,2,2,2,2
2016,Goran Dragic,5,0,5,5,5,5
2016,Gordon Hayward,2,0,2,2,2,2
2016,Greivis Vasquez,1,0,1,1,1,1
2016,Harrison Barnes,1,0,1,1,1,1
2016,Hassan Whiteside,5,0,5,5,5,5
2016,Henry Ellenson,1,0,1,1,1,1
2016,Hollis Thompson,5,0,5,5,5,5
2016,Ian Mahinmi,3,0,3,3,3,3
2016,Iman Shumpert,4,0,4,4,4,4
2016,Isaiah Canaan,0,0,0,0,0,0
2016,Isaiah Thomas,1,0,1,1,1,1
2016,Isaiah Whitehead,2,0,2,2,2,2
2016,Ishmael Smith,1,0,1,1,1,1
2016,Ivica Zubac,2,0,2,2,2,2
2016,JaKarr Sampson,1,0,1,1,1,1
2016,Jae Crowder,3,0,3,3,3,3
2016,Jahlil Okafor,3,0,3,3,3,3
2016,Jamal Crawford,1,0,1,1,1,1
2016,Jamal Murray,1,0,1,1,1,1
2016,Jameer Nelson,2,0,2,2,2,2
2016,James Anderson,1,0,1,1,1,1
2016,James Ennis,1,0,1,1,1,1
2016,James Johnson,2,0,2,2,2,2
2016,James McAdoo,3,0,3,3,3,3
2016,Jared Dudley,1,0,1,1,1,1
2016,Jared Sullinger,0,0,0,0,0,0
2016,Jarell Martin,3,0,3,3,3,3
2016,Jarrett Jack,0,0,0,0,0,0
2016,Jason Kidd,0,0,0,0,0,0
2016,Jason Smith,3,0,3,3,3,3
2016,Jeff Green,1,0,1,1,1,1
2016,Jeff Teague,1,0,1,1,1,1
2016,Jerami Grant,4,0,4,4,4,4
2016,Jeremy Evans,2,0,2,2,2,2
2016,Jeremy Lamb,4,0,4,4,4,4
2016,Jeremy Lin,4,0,4,4,4,4
2016,Jerryd Bayless,3,0,3,3,3,3
2016,Jimmy Butler,3,0,3,3,3,3
2016,Joakim Noah,0,0,0,0,0,0
2016,Jodie Meeks,0,0,0,0,0,0
2016,Joe Harris,2,0,2,2,2,2
2016,Joe Young,2,0,2,2,2,2
2016,Joel Embiid,9,0,9,9,9,9
2016,Joffrey Lauvergne,1,0,1,1,1,1
2016,John Henson,1,0,1,1,1,1
2016,John Jenkins,2,0,2,2,2,2
2016,John Wall,0,0,0,0,0,0
2016,Jon Leuer,4,0,4,4,4,4
2016,Jonas Valanciunas,4,0,4,4,4,4
2016,Jonathan Redick,4,0,4,4,4,4
2016,Jordan Adams,0,0,0,0,0,0
2016,Jordan Clarkson,1,0,1,1,1,1
2016,Jordan Hill,0,0,0,0,0,0
2016,Jordan Mickey,1,0,1,1,1,1
2016,Jose Barea,5,0,5,5,5,5
2016,Jose Calderon,2,0,2,2,2,2
2016,Josh McRoberts,2,0,2,2,2,2
2016,Josh Richardson,1,0,1,1,1,1
2016,Jrue Holiday,2,0,2,2,2,2
2016,Juancho Hernangomez,2,0,2,2,2,2
2016,Julius Randle,1,0,1,1,1,1
2016,Justin Hamilton,1,0,1,1,1,1
2016,Justise Winslow,2,0,2,2,2,2
2016,Jusuf Nurkic,2,0,2,2,2,2
2016,Kahlil Felder,1,0,1,1,1,1
2016,Kawhi Leonard,5,0,5,5,5,5
2016,Kelly Olynyk,1,0,1,1,1,1
2016,Kelly Oubre,1,0,1,1,1,1
2016,Kemba Walker,1,0,1,1,1,1
2016,Kendall Marshall,2,0,2,2,2,2
2016,Kenneth Faried,3,0,3,3,3,3
2016,Kent Bazemore,2,0,2,2,2,2
2016,Kentavious Caldwell-Pope,3,0,3,3,3,3
2016,Kevin Durant,3,0,3,3,3,3
2016,Kevin Love,8,0,8,8,8,8
2016,Kevin Martin,2,0,2,2,2,2
2016,Kevin Seraphin,5,0,5,5,5,5
2016,Kevon Looney,0,0,0,0,0,0
2016,Khris Middleton,1,0,1,1,1,1
2016,Kirk Hinrich,1,0,1,1,1,1
2016,Kobe Bryant,2,0,2,2,2,2
2016,Kosta Koufos,2,0,2,2,2,2
2016,Kostas Papanikolaou,1,0,1,1,1,1
2016,Kristaps Porzingis,4,0,4,4,4,4
2016,Kyle Anderson,1,0,1,1,1,1
2016,Kyle Korver,2,0,2,2,2,2
2016,Kyle Lowry,4,0,4,4,4,4
2016,Kyle Singler,1,0,1,1,1,1
2016,Kyrie Irving,2,0,2,2,2,2
2016,LaMarcus Aldridge,4,0,4,4,4,4
2016,Lance Stephenson,1,0,1,1,1,1
2016,Lance Thomas,3,0,3,3,3,3
2016,Larry Nance,6,0,6,6,6,6
2016,Lavoy Allen,1,0,1,1,1,1
2016,LeBron James,6,0,6,6,6,6
2016,Louis Amundson,1,0,1,1,1,1
2016,Luc Moute,2,0,2,2,2,2
2016,Lucas Nogueira,2,0,2,2,2,2
2016,Luis Scola,3,0,3,3,3,3
2016,Luke Babbitt,3,0,3,3,3,3
2016,Luol Deng,3,0,3,3,3,3
2016,Marc Gasol,3,0,3,3,3,3
2016,Marcin Gortat,2,0,2,2,2,2
2016,Marco Belinelli,5,0,5,5,5,5
2016,Marcus Morris,2,0,2,2,2,2
2016,Marcus Smart,1,0,1,1,1,1
2016,Mario Chalmers,0,0,0,0,0,0
2016,Markieff Morris,3,0,3,3,3,3
2016,Marvin Williams,1,0,1,1,1,1
2016,Matt Barnes,5,0,5,5,5,5
2016,Matt Bonner,2,0,2,2,2,2
2016,Matthew Dellavedova,1,0,1,1,1,1
2016,Maurice Ndour,1,0,1,1,1,1
2016,Maurice Williams,4,0,4,4,4,4
2016,Meyers Leonard,1,0,1,1,1,1
2016,Michael Beasley,3,0,3,3,3,3
2016,Michael Carter-Williams,5,0,5,5,5,5
2016,Michael Kidd-Gilchrist,0,0,0,0,0,0
2016,Mike Conley,5,0,5,5,5,5
2016,Mike Dunleavy,3,0,3,3,3,3
2016,Mike Scott,1,0,1,1,1,1
2016,Miles Plumlee,2,0,2,2,2,2
2016,Mirza Teletovic,3,0,3,3,3,3
2016,Monta Ellis,1,0,1,1,1,1
2016,Montrezl Harrell,3,0,3,3,3,3
2016,Myles Turner,1,0,1,1,1,1
2016,Nazr Mohammed,1,0,1,1,1,1
2016,Nemanja Bjelica,1,0,1,1,1,1
2016,Nene,2,0,2,2,2,2
2016,Nerlens Noel,4,0,4,4,4,4
2016,Nick Young,2,0,2,2,2,2
2016,Nicolas Batum,5,0,5,5,5,5
2016,Nik Stauskas,3,0,3,3,3,3
2016,Nikola Mirotic,1,0,1,1,1,1
2016,Nikola Pekovic,0,0,0,0,0,0
2016,Nikola Vucevic,2,0,2,2,2,2
2016,Noah Vonleh,0,0,0,0,0,0
2016,Norris Cole,0,0,0,0,0,0
2016,Okaro White,1,0,1,1,1,1
2016,Omer Asik,1,0,1,1,1,1
2016,Omri Casspi,4,0,4,4,4,4
2016,Otto Porter,1,0,1,1,1,1
2016,Ovinton Mayo,9,0,9,9,9,9
2016,Pablo Prigioni,2,0,2,2,2,2
2016,Pat Connaughton,1,0,1,1,1,1
2016,Patrick Beverley,4,0,4,4,4,4
2016,Patrick McCaw,1,0,1,1,1,1
2016,Patrick Mills,1,0,1,1,1,1
2016,Patrick Patterson,2,0,2,2,2,2
2016,Pau Gasol,2,0,2,2,2,2
2016,Paul George,3,0,3,3,3,3
2016,Paul Millsap,2,0,2,2,2,2
2016,Paul Pierce,5,0,5,5,5,5
2016,Paul Zipser,1,0,1,1,1,1
2016,Quincy Acy,1,0,1,1,1,1
2016,Quincy Pondexter,0,0,0,0,0,0
2016,R.J. Hunter,1,0,1,1,1,1
2016,Rajon Rondo,11,0,11,11,11,11
2016,Raymond Felton,1,0,1,1,1,1
2016,Reggie Bullock,3,0,3,3,3,3
2016,Reggie Jackson,3,0,3,3,3,3
2016,Richaun Holmes,5,0,5,5,5,5
2016,Ricky Rubio,1,0,1,1,1,1
2016,Robert Covington,3,0,3,3,3,3
2016,Rodney Hood,5,0,5,5,5,5
2016,Rodney McGruder,2,0,2,2,2,2
2016,Rodney Stuckey,4,0,4,4,4,4
2016,Ron Baker,1,0,1,1,1,1
2016,Rondae Hollis-Jefferson,1,0,1,1,1,1
2016,Ronnie Price,1,0,1,1,1,1
2016,Rudy Gay,6,0,6,6,6,6
2016,Russell Westbrook,2,0,2,2,2,2
2016,Ryan Anderson,0,0,0,0,0,0
2016,Ryan Kelly,1,0,1,1,1,1
2016,Salah Mejri,0,0,0,0,0,0
2016,Sam Dekker,3,0,3,3,3,3
2016,Samuel Hairston,1,0,1,1,1,1
2016,Semaj Christon,1,0,1,1,1,1
2016,Serge Ibaka,1,0,1,1,1,1
2016,Sergey Karasev,1,0,1,1,1,1
2016,Sergio Rodriguez,2,0,2,2,2,2
2016,Seth Curry,2,0,2,2,2,2
2016,Shabazz Napier,1,0,1,1,1,1
2016,Shaun Livingston,1,0,1,1,1,1
2016,Solomon Hill,1,0,1,1,1,1
2016,Spencer Dinwiddie,1,0,1,1,1,1
2016,Spencer Hawes,3,0,3,3,3,3
2016,Stanley Johnson,1,0,1,1,1,1
2016,Stephen Curry,3,0,3,3,3,3
2016,Steve Kerr,0,0,0,0,0,0
2016,Steve Novak,1,0,1,1,1,1
2016,Steven Adams,1,0,1,1,1,1
2016,Taj Gibson,1,0,1,1,1,1
2016,Tarik Black,3,0,3,3,3,3
2016,Terrence Ross,1,0,1,1,1,1
2016,Thabo Sefolosha,2,0,2,2,2,2
2016,Thomas Robinson,0,0,0,0,0,0
2016,Tiago Splitter,0,0,0,0,0,0
2016,Tim Duncan,1,0,1,1,1,1
2016,Tim Frazier,1,0,1,1,1,1
2016,Tim Hardaway,1,0,1,1,1,1
2016,Timofey Mozgov,1,0,1,1,1,1
2016,Timothy McConnell,1,0,1,1,1,1
2016,Tobias Harris,2,0,2,2,2,2
2016,Tony Allen,4,0,4,4,4,4
2016,Tony Wroten,0,0,0,0,0,0
2016,Treveon Graham,1,0,1,1,1,1
2016,Trevor Booker,2,0,2,2,2,2
2016,Trey Burke,1,0,1,1,1,1
2016,Ty Lawson,5,0,5,5,5,5
2016,Tyler Ennis,1,0,1,1,1,1
2016,Tyler Hansbrough,0,0,0,0,0,0
2016,Tyler Johnson,3,0,3,3,3,3
2016,Tyreke Evans,2,0,2,2,2,2
2016,Tyson Chandler,2,0,2,2,2,2
2016,Udonis Haslem,2,0,2,2,2,2
2016,Victor Oladipo,3,0,3,3,3,3
2016,Vince Carter,2,0,2,2,2,2
2016,Wayne Ellington,3,0,3,3,3,3
2016,Wesley Johnson,1,0,1,1,1,1
2016,Wesley Matthews,3,0,3,3,3,3
2016,Will Barton,2,0,2,2,2,2
2016,William Parker,11,0,11,11,11,11
2016,Willie Cauley-Stein,2,0,2,2,2,2
2016,Willie Reed,3,0,3,3,3,3
2016,Wilson Chandler,2,0,2,2,2,2
2016,Zach LaVine,1,0,1,1,1,1
2016,Zach Randolph,2,0,2,2,2,2
2016,Zaur Pachulia,3,0,3,3,3,3
